rank,article_id,clicks
1,N55689,4316
2,N35729,3346
3,N33619,3246
4,N53585,2835
5,N63970,2578
6,N49685,2294
7,N49279,2270
8,N287,2128
9,N23446,1930
10,N51048,1875
11,N58363,1603
12,N62360,1594
13,N38779,1490
14,N41881,1478
15,N42977,1406
16,N40839,1296
17,N4642,1189
18,N56214,1168
19,N26262,1139
20,N41020,1139
21,N7821,1134
22,N52122,1118
23,N49180,1103
24,N59673,1099
25,N54489,1096
26,N47020,1084
27,N33885,1043
28,N45523,1023
29,N19661,881
30,N61022,879
31,N23414,878
32,N1034,864
33,N34185,844
34,N14029,824
35,N47061,820
36,N50675,819
37,N61233,814
38,N3123,771
39,N19592,765
40,N6477,753
41,N18708,732
42,N13930,731
43,N34876,730
44,N32544,728
45,N1539,720
46,N47098,712
47,N53017,707
48,N42457,704
49,N29212,685
50,N14184,675
51,N5442,652
52,N36789,650
53,N35170,631
54,N43502,630
55,N26706,625
56,N23877,615
57,N39010,614
58,N14592,614
59,N13907,613
60,N7319,609
61,N56211,608
62,N20678,578
63,N18870,576
64,N6837,576
65,N40109,570
66,N52622,556
67,N24176,554
68,N48759,551
69,N55943,541
70,N27581,539
71,N41934,533
72,N20495,527
73,N31978,519
74,N39317,517
75,N39115,517
76,N33981,514
77,N24272,509
78,N49712,507
79,N63550,499
80,N55204,481
81,N17059,480
82,N21707,480
83,N56193,474
84,N21420,472
85,N48017,471
86,N62318,470
87,N10960,467
88,N38215,463
89,N31947,462
90,N32182,458
91,N36226,452
92,N6056,448
93,N47652,448
94,N64174,437
95,N62128,435
96,N16096,433
97,N59981,426
98,N42634,426
99,N60992,422
100,N59852,421
101,N12029,420
102,N11817,416
103,N45509,412
104,N41387,404
105,N33212,400
106,N35815,399
107,N27845,399
108,N8509,398
109,N41178,393
110,N33501,390
111,N22417,390
112,N4021,384
113,N7121,379
114,N3841,379
115,N60272,377
116,N7128,371
117,N59390,361
118,N61768,360
119,N30998,352
120,N52867,352
121,N48657,346
122,N15855,337
123,N7618,329
124,N3344,325
125,N41220,321
126,N11830,319
127,N33964,319
128,N14436,319
129,N60105,319
130,N44422,312
131,N43102,310
132,N29128,309
133,N14478,309
134,N26179,308
135,N6926,306
136,N20079,305
137,N7809,303
138,N30518,302
139,N16920,301
140,N9621,299
141,N51570,298
142,N60550,298
143,N56051,296
144,N3663,292
145,N55949,290
146,N15194,289
147,N63154,287
148,N6578,285
149,N50872,279
150,N23814,274
151,N30475,272
152,N64851,272
153,N13801,271
154,N51287,271
155,N8015,270
156,N37204,270
157,N14780,265
158,N26025,264
159,N12493,261
160,N61185,261
161,N33677,259
162,N4936,258
163,N5652,257
164,N32641,255
165,N19318,255
166,N4510,254
167,N57097,253
168,N16439,253
169,N16844,251
170,N57005,250
171,N45266,250
172,N35738,249
173,N6890,248
174,N16148,247
175,N27560,247
176,N43519,246
177,N13579,246
178,N35389,245
179,N61408,245
180,N14726,245
181,N47412,245
182,N22339,244
183,N53470,244
184,N19444,240
185,N20576,240
186,N35047,240
187,N57754,239
188,N24109,238
189,N23184,237
190,N48705,237
191,N36752,235
192,N57957,234
193,N39342,234
194,N43083,232
195,N47817,230
196,N63538,230
197,N22880,230
198,N28072,228
199,N22457,228
200,N52723,228
201,N64916,225
202,N36186,225
203,N36545,223
204,N56227,223
205,N57402,222
206,N154,222
207,N4913,218
208,N47748,218
209,N64734,216
210,N46607,214
211,N25764,214
212,N50415,213
213,N59272,213
214,N33828,212
215,N48487,212
216,N40725,211
217,N42515,211
218,N12523,211
219,N6975,211
220,N8373,210
221,N8957,209
222,N35233,208
223,N42670,208
224,N32791,208
225,N55582,206
226,N62729,206
227,N27737,206
228,N51398,204
229,N41172,204
230,N58660,204
231,N36659,204
232,N53084,202
233,N24423,202
234,N10812,201
235,N57426,201
236,N16209,199
237,N44698,199
238,N453,199
239,N31448,199
240,N50060,199
241,N1644,196
242,N46526,195
243,N38159,194
244,N64513,194
245,N48077,194
246,N62688,194
247,N28213,192
248,N36261,191
249,N7328,189
250,N29341,188
251,N59267,187
252,N35172,187
253,N41122,186
254,N46917,185
255,N15315,184
256,N5370,184
257,N3894,180
258,N35937,180
259,N42961,179
260,N43748,179
261,N12028,178
262,N54482,177
263,N34869,177
264,N32691,176
265,N732,176
266,N58114,175
267,N33632,175
268,N12589,174
269,N1914,174
270,N20746,172
271,N65185,172
272,N25165,172
273,N13259,171
274,N61623,170
275,N62920,170
276,N47572,169
277,N23547,169
278,N33576,168
279,N4404,167
280,N350,167
281,N26376,167
282,N23942,167
283,N3491,165
284,N24111,165
285,N41717,164
286,N496,164
287,N9720,163
288,N34048,163
289,N61027,163
290,N9623,162
291,N25791,162
292,N18613,161
293,N29739,161
294,N38695,161
295,N41578,159
296,N47578,159
297,N2823,158
298,N53318,158
299,N42028,158
300,N14523,157
301,N43309,157
302,N46279,157
303,N45270,157
304,N57327,156
305,N31273,155
306,N1940,155
307,N3128,155
308,N38442,155
309,N4985,154
310,N62386,154
311,N48063,153
312,N44651,153
313,N37437,152
314,N45551,152
315,N56243,152
316,N59685,152
317,N11551,151
318,N37394,150
319,N30088,150
320,N39765,148
321,N47229,148
322,N64095,148
323,N20676,147
324,N25064,146
325,N23081,146
326,N21342,145
327,N64152,143
328,N45428,141
329,N36221,141
330,N63656,141
331,N58264,141
332,N23548,141
333,N47981,140
334,N30290,140
335,N60872,140
336,N17117,140
337,N21519,140
338,N52000,139
339,N9284,139
340,N20915,139
341,N61740,139
342,N6390,138
343,N34520,138
344,N56711,138
345,N46029,137
346,N1228,137
347,N29468,137
348,N63106,137
349,N20041,136
350,N22257,136
351,N8084,136
352,N19542,134
353,N38998,134
354,N33831,134
355,N57614,133
356,N41612,133
357,N24686,133
358,N42346,133
359,N62049,133
360,N18887,133
361,N4247,133
362,N43492,133
363,N16328,133
364,N6066,133
365,N57090,133
366,N51853,132
367,N48046,132
368,N57081,131
369,N26227,130
370,N13423,130
371,N16804,128
372,N33261,128
373,N59385,127
374,N23805,126
375,N36436,126
376,N33755,126
377,N50469,126
378,N5957,126
379,N25138,125
380,N26286,125
381,N60750,125
382,N59252,124
383,N64305,124
384,N38138,124
385,N35767,124
386,N56396,124
387,N47035,123
388,N11363,123
389,N39471,123
390,N61145,123
391,N30108,123
392,N18312,122
393,N46751,122
394,N9349,122
395,N62894,122
396,N64094,122
397,N8061,121
398,N64252,120
399,N38783,120
400,N24180,119
401,N25949,119
402,N1019,119
403,N33630,119
404,N20811,119
405,N57651,119
406,N29340,119
407,N55186,119
408,N46992,118
409,N12608,118
410,N12731,118
411,N28188,117
412,N45660,117
413,N13981,117
414,N64542,117
415,N55714,117
416,N21077,117
417,N55940,116
418,N43595,116
419,N56598,116
420,N43073,115
421,N51954,115
422,N41222,115
423,N26673,115
424,N32567,114
425,N10272,114
426,N40300,114
427,N17031,114
428,N60374,113
429,N54125,113
430,N15269,113
431,N6099,113
432,N63583,113
433,N32010,113
434,N27079,113
435,N28047,112
436,N51187,112
437,N48473,111
438,N24157,111
439,N15279,110
440,N26331,109
441,N28523,109
442,N38697,109
443,N38309,108
444,N41757,108
445,N34998,108
446,N57132,108
447,N43432,108
448,N27789,108
449,N15719,107
450,N20954,107
451,N41224,106
452,N37377,106
453,N52294,106
454,N27961,105
455,N36660,105
456,N4754,105
457,N61404,105
458,N61787,105
459,N9475,105
460,N61483,105
461,N33240,105
462,N21701,104
463,N22975,104
464,N55606,104
465,N45016,104
466,N279,104
467,N6693,103
468,N61571,103
469,N7494,103
470,N21712,102
471,N50688,102
472,N37009,102
473,N62395,101
474,N25546,101
475,N36624,101
476,N17586,101
477,N9047,101
478,N61463,101
479,N28046,101
480,N35305,100
481,N12579,100
482,N25295,99
483,N25624,99
484,N49491,99
485,N5980,99
486,N9473,98
487,N50389,98
488,N55132,98
489,N51006,97
490,N4912,97
491,N37019,97
492,N3930,97
493,N18378,96
494,N6342,96
495,N43789,96
496,N52409,96
497,N47006,96
498,N36850,96
499,N20729,96
500,N17087,96
501,N39978,96
502,N44516,95
503,N8559,95
504,N48578,95
505,N29001,94
506,N24509,94
507,N25471,94
508,N42597,94
509,N58410,93
510,N21882,93
511,N8191,93
512,N35273,93
513,N38869,92
514,N47717,92
515,N4663,92
516,N6379,92
517,N13369,92
518,N58003,92
519,N36003,92
520,N706,92
521,N48958,92
522,N28983,91
523,N32144,91
524,N28413,91
525,N63786,91
526,N25605,91
527,N51285,90
528,N166,90
529,N54666,90
530,N12168,90
531,N6658,90
532,N58345,90
533,N64482,89
534,N16166,89
535,N51346,89
536,N39187,89
537,N7419,89
538,N3031,88
539,N55631,88
540,N25722,88
541,N1180,88
542,N18529,88
543,N18151,87
544,N54988,87
545,N45375,87
546,N12800,87
547,N10688,87
548,N48890,87
549,N30135,87
550,N45389,86
551,N58499,86
552,N54274,86
553,N24207,86
554,N36612,86
555,N27289,86
556,N17340,86
557,N19911,86
558,N61214,85
559,N11768,85
560,N50329,85
561,N57032,85
562,N57818,85
563,N15435,85
564,N17307,85
565,N55645,84
566,N45704,84
567,N49487,84
568,N60932,84
569,N62070,84
570,N30188,83
571,N50314,83
572,N15224,83
573,N53907,83
574,N37533,83
575,N9135,83
576,N25444,82
577,N50484,82
578,N3285,82
579,N40495,82
580,N38404,81
581,N64968,81
582,N61359,80
583,N45076,80
584,N9139,80
585,N36621,80
586,N46878,80
587,N20824,80
588,N40071,80
589,N48019,79
590,N16342,79
591,N22407,79
592,N17115,79
593,N33,79
594,N12446,79
595,N926,78
596,N35393,78
597,N48920,78
598,N53054,78
599,N61811,78
600,N25867,78
601,N37753,78
602,N22816,78
603,N28132,78
604,N64543,78
605,N18406,78
606,N12377,77
607,N61032,77
608,N57604,77
609,N16463,77
610,N23429,76
611,N54300,76
612,N20134,76
613,N29735,76
614,N55555,76
615,N27437,76
616,N38490,76
617,N11769,76
618,N21656,76
619,N26649,75
620,N61822,75
621,N2,75
622,N58553,75
623,N45734,75
624,N51553,75
625,N27932,75
626,N3517,75
627,N8687,74
628,N54752,74
629,N14440,74
630,N3821,74
631,N34724,73
632,N35854,73
633,N21297,73
634,N44324,73
635,N16777,73
636,N41380,73
637,N62366,73
638,N59142,72
639,N46821,72
640,N36638,72
641,N53886,72
642,N19050,72
643,N14170,72
644,N1680,72
645,N22320,72
646,N31504,72
647,N36681,71
648,N5075,71
649,N41354,71
650,N5048,71
651,N26795,71
652,N36016,71
653,N53848,70
654,N10121,70
655,N31556,70
656,N46258,70
657,N21479,70
658,N35847,70
659,N59887,70
660,N29490,70
661,N43869,70
662,N37994,70
663,N25467,69
664,N44249,69
665,N32387,69
666,N43386,69
667,N9009,69
668,N42698,69
669,N23784,69
670,N57713,69
671,N62391,69
672,N64745,69
673,N20043,68
674,N18103,68
675,N37781,68
676,N13580,68
677,N45561,68
678,N26721,68
679,N5688,68
680,N47267,68
681,N21128,68
682,N65027,68
683,N12424,68
684,N38263,67
685,N50138,67
686,N61320,67
687,N49956,67
688,N5364,67
689,N43487,67
690,N61962,67
691,N11869,67
692,N44399,67
693,N45590,67
694,N59713,67
695,N29839,67
696,N14408,66
697,N52471,66
698,N53615,66
699,N59088,66
700,N31289,66
701,N15160,66
702,N28899,66
703,N52424,66
704,N41569,65
705,N47067,65
706,N10551,65
707,N962,65
708,N50592,65
709,N21036,64
710,N62762,64
711,N42922,64
712,N34668,64
713,N25414,64
714,N20527,64
715,N2960,64
716,N22408,64
717,N41165,63
718,N6857,63
719,N34600,63
720,N47149,63
721,N36351,63
722,N57733,63
723,N51489,63
724,N12492,63
725,N42803,63
726,N2169,62
727,N50302,62
728,N30920,62
729,N32015,62
730,N52773,62
731,N41285,62
732,N17231,62
733,N43415,62
734,N288,62
735,N22825,62
736,N52180,62
737,N15761,61
738,N17252,61
739,N4485,61
740,N17130,61
741,N31050,61
742,N35671,61
743,N40171,61
744,N49194,61
745,N58848,61
746,N32097,61
747,N51330,61
748,N37338,61
749,N31893,61
750,N9271,61
751,N31406,61
752,N17072,60
753,N23085,60
754,N51478,60
755,N10754,60
756,N8855,60
757,N40380,60
758,N23174,60
759,N11940,60
760,N34110,60
761,N646,59
762,N43460,59
763,N31679,59
764,N56517,59
765,N44146,59
766,N46845,59
767,N19092,59
768,N3697,59
769,N57368,59
770,N55743,59
771,N16915,59
772,N61950,59
773,N30035,58
774,N57385,58
775,N63646,58
776,N36086,58
777,N28767,58
778,N29801,58
779,N29854,58
780,N26130,58
781,N25212,58
782,N45366,58
783,N20076,58
784,N46477,58
785,N52433,58
786,N16118,58
787,N30619,58
788,N62093,58
789,N6953,58
790,N12627,58
791,N25163,57
792,N63958,57
793,N51975,57
794,N21428,57
795,N3167,57
796,N58572,57
797,N10840,57
798,N16419,57
799,N61595,57
800,N61742,57
801,N28862,57
802,N23563,57
803,N55411,57
804,N7754,56
805,N1951,56
806,N48064,56
807,N50791,56
808,N34956,56
809,N40468,56
810,N63796,56
811,N23162,56
812,N10746,56
813,N57716,56
814,N51634,56
815,N7891,56
816,N36689,56
817,N4156,56
818,N54232,55
819,N36786,55
820,N18423,55
821,N31395,55
822,N22061,55
823,N47346,55
824,N64632,55
825,N35094,55
826,N36931,55
827,N58569,55
828,N29822,54
829,N45550,54
830,N36933,54
831,N23760,54
832,N37673,54
833,N9215,54
834,N59407,54
835,N41979,54
836,N3179,54
837,N28735,54
838,N19903,54
839,N55913,54
840,N47889,54
841,N4854,54
842,N21915,53
843,N44737,53
844,N37190,53
845,N42397,53
846,N9163,53
847,N49483,53
848,N56355,53
849,N8907,53
850,N53696,53
851,N64184,52
852,N6458,52
853,N47942,52
854,N33005,52
855,N60858,52
856,N45742,52
857,N33848,52
858,N37870,52
859,N51195,52
860,N53515,52
861,N7840,52
862,N53587,52
863,N63174,52
864,N3589,51
865,N64009,51
866,N58051,51
867,N61760,51
868,N43370,51
869,N8242,51
870,N12850,51
871,N51970,51
872,N18403,51
873,N49200,51
874,N46586,51
875,N17069,50
876,N22230,50
877,N34400,50
878,N55207,50
879,N36348,50
880,N39015,50
881,N61006,50
882,N13094,50
883,N20428,50
884,N30295,50
885,N28203,50
886,N43266,49
887,N7670,49
888,N45422,49
889,N24301,49
890,N39531,49
891,N37199,49
892,N32846,49
893,N32519,49
894,N40318,49
895,N65118,49
896,N26415,49
897,N59469,49
898,N21753,49
899,N1289,49
900,N4428,49
901,N62750,49
902,N7431,49
903,N38949,49
904,N8400,48
905,N3415,48
906,N38662,48
907,N36703,48
908,N12325,48
909,N39461,48
910,N14520,48
911,N7927,48
912,N18978,48
913,N58301,48
914,N57527,48
915,N50601,48
916,N57459,48
917,N57844,48
918,N55275,48
919,N5497,48
920,N10116,47
921,N29218,47
922,N28918,47
923,N58054,47
924,N1604,47
925,N3506,47
926,N23089,47
927,N51506,47
928,N21484,47
929,N34451,47
930,N55488,47
931,N37497,47
932,N3541,47
933,N23129,47
934,N45173,47
935,N17195,46
936,N29964,46
937,N349,46
938,N23864,46
939,N32890,46
940,N39267,46
941,N40438,46
942,N9158,46
943,N46283,46
944,N20178,46
945,N36288,46
946,N27583,46
947,N9719,46
948,N60585,46
949,N1952,46
950,N45211,46
951,N17357,46
952,N39949,46
953,N27198,46
954,N41842,46
955,N29952,45
956,N38315,45
957,N20486,45
958,N30814,45
959,N9457,45
960,N52662,45
961,N38311,45
962,N28934,45
963,N3339,45
964,N48416,45
965,N57014,45
966,N52554,45
967,N60606,45
968,N20270,45
969,N62570,45
970,N5288,45
971,N58814,45
972,N45442,44
973,N6916,44
974,N2869,44
975,N5889,44
976,N17140,44
977,N50014,44
978,N58549,44
979,N53899,44
980,N13816,44
981,N30454,44
982,N55281,44
983,N2578,44
984,N14285,44
985,N61296,44
986,N17104,44
987,N25088,43
988,N47245,43
989,N12995,43
990,N36424,43
991,N4107,43
992,N28382,43
993,N12392,43
994,N13730,43
995,N42965,43
996,N11138,43
997,N54348,43
998,N4034,43
999,N37384,43
1000,N10350,43
1001,N3380,43
1002,N12839,43
1003,N261,43
1004,N52585,42
1005,N32589,42
1006,N45317,42
1007,N62212,42
1008,N103,42
1009,N53245,42
1010,N10386,42
1011,N366,42
1012,N6767,42
1013,N22221,42
1014,N55346,42
1015,N49123,42
1016,N43368,42
1017,N15803,42
1018,N2046,42
1019,N27143,42
1020,N27869,42
1021,N58155,41
1022,N1555,41
1023,N48015,41
1024,N34579,41
1025,N48613,41
1026,N59138,41
1027,N35272,41
1028,N35486,41
1029,N7462,41
1030,N28578,41
1031,N51763,41
1032,N25587,41
1033,N11821,41
1034,N34081,41
1035,N15830,41
1036,N24376,41
1037,N21619,41
1038,N47231,41
1039,N14522,41
1040,N28403,40
1041,N44818,40
1042,N37905,40
1043,N11681,40
1044,N6664,40
1045,N51552,40
1046,N53861,40
1047,N29715,40
1048,N12761,40
1049,N25966,40
1050,N29254,40
1051,N5146,40
1052,N47401,40
1053,N35776,40
1054,N63060,40
1055,N32854,40
1056,N64787,40
1057,N15043,40
1058,N29107,39
1059,N8595,39
1060,N47151,39
1061,N51275,39
1062,N13974,39
1063,N28788,39
1064,N16120,39
1065,N5791,39
1066,N42868,39
1067,N21925,39
1068,N6388,39
1069,N49157,39
1070,N50619,39
1071,N36675,39
1072,N46452,39
1073,N58813,39
1074,N15289,39
1075,N47570,39
1076,N16659,39
1077,N48707,39
1078,N16533,39
1079,N58710,38
1080,N23028,38
1081,N6772,38
1082,N6929,38
1083,N35293,38
1084,N13011,38
1085,N62992,38
1086,N43670,38
1087,N57226,38
1088,N44540,38
1089,N53031,38
1090,N1031,38
1091,N31370,38
1092,N20930,38
1093,N30648,38
1094,N19242,38
1095,N57809,38
1096,N1480,38
1097,N63342,38
1098,N8029,38
1099,N26091,37
1100,N1319,37
1101,N58075,37
1102,N4861,37
1103,N43143,37
1104,N19477,37
1105,N23535,37
1106,N50055,37
1107,N42614,37
1108,N60162,37
1109,N26952,37
1110,N51185,37
1111,N740,37
1112,N46736,37
1113,N61407,37
1114,N62358,37
1115,N41651,37
1116,N57962,37
1117,N12042,36
1118,N39683,36
1119,N50107,36
1120,N52535,36
1121,N1421,36
1122,N48875,36
1123,N5516,36
1124,N36837,36
1125,N34930,36
1126,N47576,36
1127,N52683,36
1128,N1105,36
1129,N44815,36
1130,N9734,36
1131,N9354,36
1132,N18573,36
1133,N29363,36
1134,N25953,36
1135,N28585,36
1136,N33203,36
1137,N38947,36
1138,N47602,36
1139,N16138,36
1140,N59653,36
1141,N3957,35
1142,N45554,35
1143,N11793,35
1144,N26607,35
1145,N12537,35
1146,N43202,35
1147,N60592,35
1148,N44397,35
1149,N54003,35
1150,N3243,35
1151,N48340,35
1152,N55050,35
1153,N38999,35
1154,N48663,35
1155,N19423,35
1156,N21351,35
1157,N51241,35
1158,N43001,35
1159,N1920,35
1160,N44123,35
1161,N17106,34
1162,N33123,34
1163,N15462,34
1164,N17389,34
1165,N54287,34
1166,N45616,34
1167,N31147,34
1168,N63685,34
1169,N37416,34
1170,N13486,34
1171,N40130,34
1172,N5827,34
1173,N55976,34
1174,N52502,34
1175,N28668,34
1176,N2952,34
1177,N26902,34
1178,N17965,34
1179,N22664,34
1180,N35622,34
1181,N29003,34
1182,N52752,34
1183,N50005,34
1184,N41774,34
1185,N46142,34
1186,N34580,33
1187,N36184,33
1188,N5695,33
1189,N6816,33
1190,N13005,33
1191,N41698,33
1192,N29840,33
1193,N4815,33
1194,N53343,33
1195,N32806,33
1196,N61608,33
1197,N41533,33
1198,N36712,33
1199,N28495,33
1200,N61023,33
1201,N6873,33
1202,N20281,33
1203,N31281,33
1204,N4148,33
1205,N12109,33
1206,N26084,33
1207,N1046,33
1208,N32058,33
1209,N17628,33
1210,N7092,33
1211,N25124,32
1212,N60445,32
1213,N17482,32
1214,N32031,32
1215,N22549,32
1216,N10913,32
1217,N48410,32
1218,N33425,32
1219,N36910,32
1220,N26081,32
1221,N3745,32
1222,N35131,32
1223,N15574,32
1224,N8260,32
1225,N58171,32
1226,N20319,32
1227,N49704,32
1228,N35387,32
1229,N11929,32
1230,N58271,32
1231,N2878,31
1232,N11087,31
1233,N13051,31
1234,N24607,31
1235,N7795,31
1236,N44786,31
1237,N52694,31
1238,N64138,31
1239,N30870,31
1240,N54161,31
1241,N30085,31
1242,N43992,31
1243,N11269,31
1244,N24759,31
1245,N11702,31
1246,N36964,31
1247,N45543,31
1248,N26579,31
1249,N18947,30
1250,N27638,30
1251,N33297,30
1252,N50575,30
1253,N42076,30
1254,N49879,30
1255,N17759,30
1256,N9340,30
1257,N60186,30
1258,N28324,30
1259,N57342,30
1260,N19019,30
1261,N42885,30
1262,N5737,30
1263,N14531,30
1264,N53237,30
1265,N44116,30
1266,N36273,30
1267,N56777,30
1268,N19241,30
1269,N48302,30
1270,N7850,29
1271,N27349,29
1272,N16380,29
1273,N6150,29
1274,N60799,29
1275,N8347,29
1276,N25437,29
1277,N20602,29
1278,N18823,29
1279,N6399,29
1280,N18522,29
1281,N5905,29
1282,N63390,29
1283,N7901,29
1284,N15807,29
1285,N30725,29
1286,N21840,29
1287,N57943,29
1288,N26278,29
1289,N64190,29
1290,N23254,28
1291,N10413,28
1292,N849,28
1293,N59977,28
1294,N37250,28
1295,N30473,28
1296,N11484,28
1297,N54381,28
1298,N56061,28
1299,N14809,28
1300,N48832,28
1301,N25623,28
1302,N305,28
1303,N13112,28
1304,N64273,28
1305,N28307,28
1306,N40559,28
1307,N4295,28
1308,N26159,28
1309,N52557,28
1310,N48476,28
1311,N8807,28
1312,N26514,28
1313,N50023,28
1314,N13575,28
1315,N16931,28
1316,N40905,28
1317,N48407,28
1318,N30089,27
1319,N18572,27
1320,N27245,27
1321,N19735,27
1322,N53431,27
1323,N16314,27
1324,N33159,27
1325,N58183,27
1326,N64397,27
1327,N4598,27
1328,N27826,27
1329,N13341,27
1330,N40973,27
1331,N23767,27
1332,N23816,27
1333,N32204,27
1334,N32866,27
1335,N7112,27
1336,N13967,27
1337,N39774,27
1338,N25160,27
1339,N39073,27
1340,N3161,27
1341,N3087,27
1342,N47453,27
1343,N35576,27
1344,N51764,27
1345,N44299,27
1346,N36599,27
1347,N28385,27
1348,N26940,27
1349,N53901,27
1350,N5379,27
1351,N32798,27
1352,N39758,27
1353,N11899,27
1354,N47380,26
1355,N51587,26
1356,N55867,26
1357,N3449,26
1358,N65202,26
1359,N39663,26
1360,N55322,26
1361,N35062,26
1362,N37793,26
1363,N13165,26
1364,N28279,26
1365,N27515,26
1366,N38294,26
1367,N46370,26
1368,N16725,26
1369,N50058,26
1370,N40356,26
1371,N18884,26
1372,N44290,26
1373,N26639,26
1374,N26626,26
1375,N999,26
1376,N45456,26
1377,N38333,26
1378,N25639,26
1379,N3431,26
1380,N57227,26
1381,N46004,26
1382,N33361,26
1383,N39028,26
1384,N11511,26
1385,N23189,26
1386,N30215,26
1387,N9104,26
1388,N8913,26
1389,N29065,26
1390,N17571,26
1391,N35336,26
1392,N41992,26
1393,N6471,26
1394,N59186,26
1395,N43500,25
1396,N33872,25
1397,N38797,25
1398,N13131,25
1399,N22353,25
1400,N27497,25
1401,N59436,25
1402,N44679,25
1403,N42266,25
1404,N40539,25
1405,N25324,25
1406,N46810,25
1407,N17865,25
1408,N5981,25
1409,N15307,25
1410,N209,25
1411,N30071,25
1412,N37480,25
1413,N61389,25
1414,N48684,25
1415,N3726,25
1416,N32211,25
1417,N20018,25
1418,N28204,25
1419,N63835,25
1420,N19647,25
1421,N49908,25
1422,N46466,25
1423,N64153,25
1424,N16809,25
1425,N35737,25
1426,N41581,25
1427,N44616,25
1428,N33533,25
1429,N22029,25
1430,N57403,25
1431,N195,25
1432,N10464,25
1433,N35051,24
1434,N23008,24
1435,N41658,24
1436,N38201,24
1437,N10616,24
1438,N6651,24
1439,N12379,24
1440,N13604,24
1441,N8349,24
1442,N62208,24
1443,N38483,24
1444,N31035,24
1445,N55325,24
1446,N7466,24
1447,N32240,24
1448,N44453,24
1449,N6330,24
1450,N60256,24
1451,N46424,24
1452,N28319,24
1453,N9240,24
1454,N42285,24
1455,N4612,24
1456,N12831,24
1457,N58241,24
1458,N62563,24
1459,N57456,24
1460,N42860,24
1461,N25040,24
1462,N34159,24
1463,N44830,24
1464,N32923,24
1465,N14400,24
1466,N45673,24
1467,N2235,24
1468,N46966,24
1469,N51253,24
1470,N26319,24
1471,N47205,24
1472,N38512,24
1473,N31769,24
1474,N54595,23
1475,N20069,23
1476,N28327,23
1477,N57535,23
1478,N25049,23
1479,N26537,23
1480,N13729,23
1481,N13263,23
1482,N49610,23
1483,N17529,23
1484,N36779,23
1485,N56636,23
1486,N64858,23
1487,N53008,23
1488,N13403,23
1489,N47280,23
1490,N34382,23
1491,N51153,23
1492,N54634,23
1493,N33623,23
1494,N23590,23
1495,N11542,23
1496,N23556,23
1497,N34657,23
1498,N46057,23
1499,N21030,23
1500,N64243,23
1501,N9806,23
1502,N13471,23
1503,N39568,23
1504,N23824,23
1505,N46309,23
1506,N11856,23
1507,N53346,23
1508,N27486,23
1509,N41555,23
1510,N14305,23
1511,N12905,23
1512,N5043,23
1513,N15457,23
1514,N62805,23
1515,N1774,23
1516,N61549,22
1517,N64459,22
1518,N24865,22
1519,N55723,22
1520,N2350,22
1521,N23134,22
1522,N23513,22
1523,N29133,22
1524,N38808,22
1525,N63415,22
1526,N3304,22
1527,N33710,22
1528,N57853,22
1529,N10969,22
1530,N62599,22
1531,N61572,22
1532,N823,22
1533,N22145,22
1534,N27966,22
1535,N36408,22
1536,N17821,22
1537,N44145,22
1538,N42602,22
1539,N53044,22
1540,N62227,22
1541,N35112,22
1542,N27601,22
1543,N24985,22
1544,N41258,22
1545,N59495,22
1546,N59214,22
1547,N4481,22
1548,N39109,22
1549,N34848,22
1550,N43648,22
1551,N25785,22
1552,N1080,22
1553,N26601,22
1554,N54315,21
1555,N62933,21
1556,N555,21
1557,N44528,21
1558,N32759,21
1559,N37022,21
1560,N55936,21
1561,N49955,21
1562,N21509,21
1563,N53875,21
1564,N16589,21
1565,N32829,21
1566,N36251,21
1567,N2562,21
1568,N32030,21
1569,N48887,21
1570,N25406,21
1571,N58656,21
1572,N53599,21
1573,N53436,21
1574,N21216,21
1575,N34915,21
1576,N48606,21
1577,N61536,21
1578,N42143,21
1579,N47520,21
1580,N49252,21
1581,N20394,21
1582,N61754,21
1583,N60539,21
1584,N64228,21
1585,N31630,21
1586,N24457,21
1587,N63683,21
1588,N2886,20
1589,N32437,20
1590,N28091,20
1591,N20036,20
1592,N2622,20
1593,N43373,20
1594,N3474,20
1595,N15812,20
1596,N19075,20
1597,N56104,20
1598,N59761,20
1599,N1062,20
1600,N23025,20
1601,N50288,20
1602,N39931,20
1603,N20603,20
1604,N33689,20
1605,N8170,20
1606,N61074,20
1607,N27318,20
1608,N51182,20
1609,N20413,20
1610,N33883,20
1611,N39269,20
1612,N10552,20
1613,N28480,20
1614,N37458,20
1615,N17355,20
1616,N6787,20
1617,N31183,20
1618,N38080,20
1619,N10674,20
1620,N41432,20
1621,N12330,20
1622,N26043,20
1623,N64037,20
1624,N3392,20
1625,N58086,20
1626,N37908,20
1627,N52474,20
1628,N17342,20
1629,N25811,20
1630,N42966,20
1631,N58295,20
1632,N16833,20
1633,N17913,20
1634,N54442,20
1635,N34486,20
1636,N21119,19
1637,N36232,19
1638,N35294,19
1639,N50007,19
1640,N14674,19
1641,N65088,19
1642,N36516,19
1643,N10642,19
1644,N60456,19
1645,N14056,19
1646,N13105,19
1647,N27525,19
1648,N35958,19
1649,N5135,19
1650,N32789,19
1651,N43289,19
1652,N56299,19
1653,N61363,19
1654,N49375,19
1655,N28888,19
1656,N8929,19
1657,N32891,19
1658,N63478,19
1659,N39786,19
1660,N23593,19
1661,N16790,19
1662,N49354,19
1663,N50011,19
1664,N22442,19
1665,N12020,19
1666,N46186,19
1667,N26038,19
1668,N46567,19
1669,N3590,19
1670,N61648,19
1671,N51424,19
1672,N29830,19
1673,N46690,19
1674,N41726,19
1675,N30631,19
1676,N36725,19
1677,N21611,19
1678,N49030,19
1679,N17468,19
1680,N29517,19
1681,N38306,19
1682,N47612,19
1683,N83,19
1684,N21,18
1685,N36707,18
1686,N10602,18
1687,N37108,18
1688,N31027,18
1689,N40003,18
1690,N34436,18
1691,N35256,18
1692,N27101,18
1693,N40683,18
1694,N18698,18
1695,N52312,18
1696,N55065,18
1697,N61117,18
1698,N26909,18
1699,N34008,18
1700,N13827,18
1701,N51951,18
1702,N61497,18
1703,N47433,18
1704,N53214,18
1705,N14329,18
1706,N61952,18
1707,N41511,18
1708,N27476,18
1709,N32207,18
1710,N55455,18
1711,N23326,18
1712,N53630,18
1713,N15134,18
1714,N19867,18
1715,N23391,18
1716,N34612,18
1717,N17289,18
1718,N29488,18
1719,N60009,18
1720,N22696,18
1721,N59030,18
1722,N52782,18
1723,N39587,18
1724,N49284,18
1725,N4162,18
1726,N24104,18
1727,N61349,18
1728,N42354,18
1729,N63748,18
1730,N47747,18
1731,N46393,18
1732,N64748,18
1733,N53749,18
1734,N24459,18
1735,N24550,17
1736,N37332,17
1737,N61588,17
1738,N16272,17
1739,N44563,17
1740,N41113,17
1741,N40530,17
1742,N5091,17
1743,N21903,17
1744,N40326,17
1745,N59170,17
1746,N38023,17
1747,N65236,17
1748,N6819,17
1749,N18644,17
1750,N23820,17
1751,N59194,17
1752,N50004,17
1753,N6866,17
1754,N16618,17
1755,N12767,17
1756,N4633,17
1757,N28152,17
1758,N20236,17
1759,N41826,17
1760,N38330,17
1761,N41627,17
1762,N22164,17
1763,N27258,17
1764,N37170,17
1765,N59796,17
1766,N12300,17
1767,N33144,17
1768,N50452,17
1769,N47114,17
1770,N59462,17
1771,N22978,17
1772,N19776,17
1773,N30689,17
1774,N50490,17
1775,N5597,17
1776,N11362,17
1777,N37833,17
1778,N63913,17
1779,N49001,17
1780,N20793,17
1781,N21309,17
1782,N54303,17
1783,N8476,17
1784,N52697,17
1785,N48698,17
1786,N1026,17
1787,N28357,17
1788,N36442,16
1789,N18314,16
1790,N614,16
1791,N24532,16
1792,N10541,16
1793,N65151,16
1794,N8012,16
1795,N24017,16
1796,N37185,16
1797,N38337,16
1798,N19043,16
1799,N2516,16
1800,N43908,16
1801,N57319,16
1802,N62838,16
1803,N37854,16
1804,N47631,16
1805,N24276,16
1806,N42853,16
1807,N36050,16
1808,N37660,16
1809,N44966,16
1810,N51797,16
1811,N19099,16
1812,N39005,16
1813,N28496,16
1814,N25881,16
1815,N43745,16
1816,N55505,16
1817,N1355,16
1818,N55897,16
1819,N49240,16
1820,N22999,16
1821,N37088,16
1822,N18377,16
1823,N10123,16
1824,N31668,16
1825,N11931,16
1826,N18340,16
1827,N4066,16
1828,N41617,16
1829,N31037,16
1830,N37115,16
1831,N43665,16
1832,N28773,16
1833,N40146,16
1834,N48937,16
1835,N35029,16
1836,N36904,16
1837,N59841,16
1838,N29069,16
1839,N40602,16
1840,N54055,16
1841,N46597,16
1842,N52102,16
1843,N43420,16
1844,N510,16
1845,N8114,16
1846,N53012,16
1847,N43388,16
1848,N50570,15
1849,N26932,15
1850,N51896,15
1851,N11162,15
1852,N47235,15
1853,N23002,15
1854,N1531,15
1855,N57359,15
1856,N51773,15
1857,N20015,15
1858,N5930,15
1859,N9997,15
1860,N42759,15
1861,N7129,15
1862,N29385,15
1863,N47851,15
1864,N52997,15
1865,N47087,15
1866,N63697,15
1867,N23936,15
1868,N57179,15
1869,N6219,15
1870,N60128,15
1871,N63650,15
1872,N61235,15
1873,N23536,15
1874,N37348,15
1875,N57998,15
1876,N43338,15
1877,N37814,15
1878,N58077,15
1879,N49777,15
1880,N34925,15
1881,N43587,15
1882,N48572,15
1883,N19376,15
1884,N11301,15
1885,N12083,15
1886,N18409,15
1887,N42144,15
1888,N57030,15
1889,N15283,15
1890,N41232,15
1891,N54038,15
1892,N43299,15
1893,N20770,15
1894,N55489,15
1895,N60059,15
1896,N45313,15
1897,N6113,15
1898,N51255,15
1899,N3792,15
1900,N34799,15
1901,N43377,15
1902,N31029,15
1903,N24455,15
1904,N5587,15
1905,N49872,15
1906,N7041,14
1907,N41697,14
1908,N2702,14
1909,N40065,14
1910,N19017,14
1911,N9944,14
1912,N21147,14
1913,N38788,14
1914,N3418,14
1915,N18059,14
1916,N52295,14
1917,N51633,14
1918,N509,14
1919,N27744,14
1920,N22617,14
1921,N19770,14
1922,N14547,14
1923,N3748,14
1924,N11093,14
1925,N45964,14
1926,N5154,14
1927,N11860,14
1928,N4807,14
1929,N20512,14
1930,N13087,14
1931,N54115,14
1932,N241,14
1933,N39149,14
1934,N59323,14
1935,N16914,14
1936,N61969,14
1937,N8643,14
1938,N31763,14
1939,N2871,14
1940,N3232,14
1941,N24732,14
1942,N61885,14
1943,N28745,14
1944,N54397,14
1945,N47096,14
1946,N54491,14
1947,N46779,14
1948,N47248,14
1949,N14652,14
1950,N45462,14
1951,N40431,14
1952,N63943,14
1953,N27441,14
1954,N28962,14
1955,N33979,14
1956,N35773,14
1957,N58030,14
1958,N26220,14
1959,N27063,14
1960,N20567,14
1961,N63273,14
1962,N51639,14
1963,N64902,14
1964,N43075,14
1965,N33985,14
1966,N26488,14
1967,N61352,14
1968,N43837,13
1969,N55712,13
1970,N3580,13
1971,N17081,13
1972,N1857,13
1973,N44742,13
1974,N51133,13
1975,N7800,13
1976,N24504,13
1977,N247,13
1978,N57780,13
1979,N56142,13
1980,N25985,13
1981,N26416,13
1982,N43301,13
1983,N53296,13
1984,N53622,13
1985,N61839,13
1986,N47132,13
1987,N22690,13
1988,N56249,13
1989,N41704,13
1990,N26106,13
1991,N1999,13
1992,N14846,13
1993,N20325,13
1994,N26539,13
1995,N7470,13
1996,N27936,13
1997,N58229,13
1998,N12682,13
1999,N15195,13
2000,N61828,13
2001,N51225,13
2002,N12606,13
2003,N23749,13
2004,N11784,13
2005,N9617,13
2006,N52445,13
2007,N16502,13
2008,N46307,13
2009,N17168,13
2010,N7036,13
2011,N7474,13
2012,N16568,13
2013,N5736,13
2014,N37242,13
2015,N52944,13
2016,N6051,13
2017,N6542,13
2018,N62001,13
2019,N31212,13
2020,N37320,13
2021,N22188,13
2022,N2389,13
2023,N21741,13
2024,N62633,13
2025,N17011,13
2026,N4615,13
2027,N55563,13
2028,N18145,13
2029,N45457,13
2030,N64412,13
2031,N59461,13
2032,N25491,13
2033,N35567,12
2034,N51607,12
2035,N39637,12
2036,N28837,12
2037,N39331,12
2038,N60449,12
2039,N26811,12
2040,N39369,12
2041,N50406,12
2042,N64044,12
2043,N28738,12
2044,N59022,12
2045,N3064,12
2046,N5783,12
2047,N19536,12
2048,N3465,12
2049,N10250,12
2050,N8538,12
2051,N39463,12
2052,N39389,12
2053,N41128,12
2054,N3865,12
2055,N15450,12
2056,N65036,12
2057,N30759,12
2058,N63293,12
2059,N49707,12
2060,N32234,12
2061,N53373,12
2062,N41787,12
2063,N14093,12
2064,N15093,12
2065,N14266,12
2066,N8074,12
2067,N29961,12
2068,N50135,12
2069,N58140,12
2070,N11483,12
2071,N59277,12
2072,N20815,12
2073,N46739,12
2074,N26577,12
2075,N6579,12
2076,N30836,12
2077,N21138,12
2078,N40451,12
2079,N57987,12
2080,N15596,12
2081,N23557,12
2082,N51156,12
2083,N33799,12
2084,N49633,12
2085,N50059,12
2086,N60826,12
2087,N26224,12
2088,N38566,12
2089,N11257,12
2090,N5001,12
2091,N37545,12
2092,N22371,12
2093,N63135,12
2094,N36332,12
2095,N4569,12
2096,N130,12
2097,N53960,12
2098,N10359,12
2099,N64945,12
2100,N19249,12
2101,N23060,12
2102,N27473,12
2103,N2552,12
2104,N7104,11
2105,N51220,11
2106,N54868,11
2107,N33590,11
2108,N52193,11
2109,N13056,11
2110,N8656,11
2111,N63759,11
2112,N38053,11
2113,N29447,11
2114,N46501,11
2115,N39399,11
2116,N40110,11
2117,N35514,11
2118,N36532,11
2119,N37800,11
2120,N12813,11
2121,N2787,11
2122,N6610,11
2123,N27714,11
2124,N881,11
2125,N28303,11
2126,N44341,11
2127,N21377,11
2128,N3652,11
2129,N25076,11
2130,N56738,11
2131,N29369,11
2132,N35388,11
2133,N57974,11
2134,N52203,11
2135,N15952,11
2136,N33150,11
2137,N49694,11
2138,N11366,11
2139,N54321,11
2140,N31062,11
2141,N32548,11
2142,N6207,11
2143,N20067,11
2144,N11949,11
2145,N38560,11
2146,N34492,11
2147,N64816,11
2148,N58152,11
2149,N43528,11
2150,N840,11
2151,N7272,11
2152,N4675,11
2153,N29196,11
2154,N15817,11
2155,N21571,11
2156,N21402,11
2157,N57344,11
2158,N39741,11
2159,N62873,11
2160,N17310,11
2161,N35282,11
2162,N34534,11
2163,N63319,11
2164,N50691,11
2165,N38239,11
2166,N35739,11
2167,N19250,11
2168,N57099,11
2169,N44761,11
2170,N46801,11
2171,N37888,11
2172,N17301,11
2173,N25347,11
2174,N52787,11
2175,N31688,11
2176,N52094,11
2177,N17952,11
2178,N31706,11
2179,N8711,11
2180,N815,11
2181,N31300,11
2182,N4610,11
2183,N25989,11
2184,N24898,11
2185,N32005,11
2186,N789,11
2187,N2476,10
2188,N52149,10
2189,N39537,10
2190,N14713,10
2191,N64117,10
2192,N43638,10
2193,N41140,10
2194,N36181,10
2195,N56300,10
2196,N38496,10
2197,N29679,10
2198,N16323,10
2199,N25108,10
2200,N30714,10
2201,N49222,10
2202,N61493,10
2203,N30172,10
2204,N37058,10
2205,N23935,10
2206,N18354,10
2207,N65028,10
2208,N54283,10
2209,N46156,10
2210,N43277,10
2211,N47858,10
2212,N16022,10
2213,N22191,10
2214,N44203,10
2215,N40342,10
2216,N6760,10
2217,N333,10
2218,N54794,10
2219,N46613,10
2220,N61065,10
2221,N51378,10
2222,N7301,10
2223,N2324,10
2224,N33312,10
2225,N33347,10
2226,N25315,10
2227,N15678,10
2228,N44746,10
2229,N25073,10
2230,N18649,10
2231,N57906,10
2232,N12162,10
2233,N3313,10
2234,N46489,10
2235,N27314,10
2236,N38550,10
2237,N25561,10
2238,N35161,10
2239,N31948,10
2240,N14535,10
2241,N20816,10
2242,N23295,10
2243,N46134,10
2244,N57689,10
2245,N37194,10
2246,N44628,10
2247,N53986,10
2248,N28568,10
2249,N10279,10
2250,N49853,10
2251,N1785,10
2252,N1767,10
2253,N28910,10
2254,N8438,10
2255,N21375,10
2256,N52446,10
2257,N33947,10
2258,N31041,10
2259,N34937,10
2260,N27577,10
2261,N10867,10
2262,N45873,10
2263,N9652,10
2264,N37774,10
2265,N64919,10
2266,N60910,10
2267,N57026,10
2268,N25428,10
2269,N40470,10
2270,N27037,10
2271,N61140,10
2272,N35541,10
2273,N38079,10
2274,N40387,10
2275,N12869,10
2276,N31002,10
2277,N39360,10
2278,N61429,9
2279,N54291,9
2280,N4975,9
2281,N35700,9
2282,N36683,9
2283,N60895,9
2284,N42264,9
2285,N20356,9
2286,N31869,9
2287,N42749,9
2288,N59501,9
2289,N4241,9
2290,N36401,9
2291,N56076,9
2292,N56800,9
2293,N38733,9
2294,N47934,9
2295,N22329,9
2296,N28110,9
2297,N357,9
2298,N4273,9
2299,N35786,9
2300,N37636,9
2301,N1410,9
2302,N32774,9
2303,N41188,9
2304,N25796,9
2305,N23394,9
2306,N11378,9
2307,N42365,9
2308,N37580,9
2309,N56573,9
2310,N16291,9
2311,N53697,9
2312,N15137,9
2313,N24193,9
2314,N7852,9
2315,N61373,9
2316,N48225,9
2317,N58885,9
2318,N54792,9
2319,N36938,9
2320,N43275,9
2321,N9639,9
2322,N1936,9
2323,N25148,9
2324,N53940,9
2325,N43030,9
2326,N61397,9
2327,N7873,9
2328,N56209,9
2329,N9923,9
2330,N27708,9
2331,N39184,9
2332,N2704,9
2333,N33069,9
2334,N46923,9
2335,N27192,9
2336,N26918,9
2337,N50372,9
2338,N48621,9
2339,N61949,9
2340,N13176,9
2341,N3102,9
2342,N49902,9
2343,N27540,9
2344,N9632,9
2345,N7715,9
2346,N31054,9
2347,N58574,9
2348,N44342,9
2349,N26977,9
2350,N7313,9
2351,N18531,9
2352,N13073,9
2353,N52442,9
2354,N28084,9
2355,N39985,9
2356,N10097,9
2357,N42039,9
2358,N14602,9
2359,N25635,9
2360,N43496,9
2361,N23575,9
2362,N41615,9
2363,N28938,9
2364,N20526,9
2365,N17843,8
2366,N38248,8
2367,N33291,8
2368,N12551,8
2369,N7245,8
2370,N45017,8
2371,N13684,8
2372,N15948,8
2373,N35850,8
2374,N8555,8
2375,N15477,8
2376,N30151,8
2377,N4819,8
2378,N45032,8
2379,N56301,8
2380,N5358,8
2381,N34601,8
2382,N31086,8
2383,N36626,8
2384,N14381,8
2385,N15108,8
2386,N10088,8
2387,N60161,8
2388,N13793,8
2389,N12430,8
2390,N24995,8
2391,N60619,8
2392,N22143,8
2393,N61688,8
2394,N10169,8
2395,N8468,8
2396,N29860,8
2397,N32139,8
2398,N2568,8
2399,N65167,8
2400,N22173,8
2401,N13979,8
2402,N4076,8
2403,N29749,8
2404,N51725,8
2405,N15784,8
2406,N3462,8
2407,N44578,8
2408,N26108,8
2409,N1573,8
2410,N59576,8
2411,N38900,8
2412,N25480,8
2413,N58133,8
2414,N26812,8
2415,N47840,8
2416,N17896,8
2417,N53443,8
2418,N28614,8
2419,N52857,8
2420,N46111,8
2421,N64258,8
2422,N30963,8
2423,N28987,8
2424,N18132,8
2425,N22193,8
2426,N313,8
2427,N57238,8
2428,N63601,8
2429,N47721,8
2430,N15053,8
2431,N7540,8
2432,N38691,8
2433,N19013,8
2434,N49364,8
2435,N16344,8
2436,N29536,8
2437,N33311,8
2438,N55950,8
2439,N44075,8
2440,N45499,8
2441,N14977,8
2442,N63516,8
2443,N39320,8
2444,N26703,8
2445,N3656,8
2446,N62667,8
2447,N48510,8
2448,N50097,8
2449,N25543,8
2450,N36249,8
2451,N7965,8
2452,N51169,8
2453,N37157,8
2454,N8045,8
2455,N22298,8
2456,N62172,8
2457,N6094,8
2458,N29945,8
2459,N31488,8
2460,N20133,8
2461,N21539,8
2462,N9464,8
2463,N60747,8
2464,N41921,8
2465,N15370,8
2466,N50978,8
2467,N12714,8
2468,N62402,8
2469,N45445,8
2470,N18726,8
2471,N31326,8
2472,N39112,8
2473,N26944,8
2474,N58283,8
2475,N48861,8
2476,N4689,8
2477,N62003,8
2478,N35964,8
2479,N34568,8
2480,N39983,8
2481,N28961,8
2482,N47161,8
2483,N21436,8
2484,N3737,8
2485,N57007,8
2486,N26896,8
2487,N17331,8
2488,N22318,8
2489,N59508,8
2490,N45190,8
2491,N54171,8
2492,N32174,8
2493,N47099,8
2494,N12245,8
2495,N39810,8
2496,N20834,8
2497,N46175,8
2498,N5415,8
2499,N59343,8
2500,N15931,8
2501,N17448,8
2502,N27516,8
2503,N15506,8
2504,N24458,8
2505,N47556,8
2506,N4905,7
2507,N50595,7
2508,N52289,7
2509,N3312,7
2510,N20240,7
2511,N40565,7
2512,N26728,7
2513,N44330,7
2514,N27807,7
2515,N10993,7
2516,N53302,7
2517,N38211,7
2518,N53018,7
2519,N64525,7
2520,N17499,7
2521,N56947,7
2522,N36330,7
2523,N2288,7
2524,N41133,7
2525,N20977,7
2526,N56966,7
2527,N56806,7
2528,N16280,7
2529,N33844,7
2530,N18032,7
2531,N6960,7
2532,N55572,7
2533,N57451,7
2534,N6814,7
2535,N25938,7
2536,N3727,7
2537,N1199,7
2538,N60197,7
2539,N26388,7
2540,N50387,7
2541,N35139,7
2542,N45261,7
2543,N37609,7
2544,N57138,7
2545,N60300,7
2546,N3045,7
2547,N35599,7
2548,N10072,7
2549,N15124,7
2550,N29017,7
2551,N14666,7
2552,N44834,7
2553,N55309,7
2554,N990,7
2555,N27417,7
2556,N28248,7
2557,N15422,7
2558,N38960,7
2559,N7547,7
2560,N20614,7
2561,N41925,7
2562,N13097,7
2563,N58552,7
2564,N56493,7
2565,N2864,7
2566,N23196,7
2567,N25366,7
2568,N21218,7
2569,N30253,7
2570,N9399,7
2571,N397,7
2572,N18650,7
2573,N43710,7
2574,N62275,7
2575,N2099,7
2576,N50381,7
2577,N63004,7
2578,N64282,7
2579,N54227,7
2580,N63841,7
2581,N11510,7
2582,N41889,7
2583,N39731,7
2584,N13520,7
2585,N34302,7
2586,N59298,7
2587,N29364,7
2588,N56774,7
2589,N14273,7
2590,N30222,7
2591,N26332,7
2592,N39700,7
2593,N5144,7
2594,N15117,7
2595,N9763,7
2596,N50404,7
2597,N16854,7
2598,N37007,7
2599,N1082,7
2600,N62533,7
2601,N15654,7
2602,N41040,7
2603,N40629,7
2604,N28414,7
2605,N46662,7
2606,N36888,7
2607,N17930,7
2608,N59644,7
2609,N30305,7
2610,N22740,7
2611,N4741,7
2612,N51808,7
2613,N43445,7
2614,N61371,7
2615,N4201,7
2616,N28947,7
2617,N9869,7
2618,N43671,7
2619,N38511,7
2620,N29857,7
2621,N24062,7
2622,N10073,7
2623,N61378,7
2624,N17416,7
2625,N179,7
2626,N39446,7
2627,N16710,7
2628,N20020,7
2629,N60577,7
2630,N29462,7
2631,N52606,7
2632,N44030,7
2633,N23485,7
2634,N10333,7
2635,N834,7
2636,N51718,7
2637,N22829,7
2638,N45023,7
2639,N17524,7
2640,N17645,7
2641,N59073,7
2642,N48350,7
2643,N59450,6
2644,N11930,6
2645,N15292,6
2646,N7456,6
2647,N24821,6
2648,N41606,6
2649,N8922,6
2650,N57939,6
2651,N46564,6
2652,N12769,6
2653,N27879,6
2654,N63449,6
2655,N4999,6
2656,N42336,6
2657,N48326,6
2658,N11513,6
2659,N52805,6
2660,N41443,6
2661,N63341,6
2662,N42753,6
2663,N63465,6
2664,N29121,6
2665,N28405,6
2666,N18571,6
2667,N28432,6
2668,N40789,6
2669,N11328,6
2670,N6645,6
2671,N35680,6
2672,N61541,6
2673,N53087,6
2674,N60772,6
2675,N10264,6
2676,N61274,6
2677,N57917,6
2678,N36446,6
2679,N5324,6
2680,N48231,6
2681,N18595,6
2682,N21758,6
2683,N57266,6
2684,N35249,6
2685,N26336,6
2686,N3401,6
2687,N25095,6
2688,N40676,6
2689,N36119,6
2690,N11827,6
2691,N51990,6
2692,N61652,6
2693,N12139,6
2694,N17650,6
2695,N36182,6
2696,N63086,6
2697,N15810,6
2698,N14097,6
2699,N55548,6
2700,N31113,6
2701,N28448,6
2702,N28943,6
2703,N31141,6
2704,N37619,6
2705,N8262,6
2706,N3469,6
2707,N50156,6
2708,N8657,6
2709,N61119,6
2710,N42459,6
2711,N62532,6
2712,N56471,6
2713,N5171,6
2714,N45294,6
2715,N64515,6
2716,N62284,6
2717,N21086,6
2718,N29800,6
2719,N61229,6
2720,N26712,6
2721,N5025,6
2722,N37027,6
2723,N60440,6
2724,N32853,6
2725,N4080,6
2726,N1294,6
2727,N696,6
2728,N31384,6
2729,N10804,6
2730,N54393,6
2731,N16543,6
2732,N62269,6
2733,N3322,6
2734,N51976,6
2735,N41858,6
2736,N8353,6
2737,N64885,6
2738,N48925,6
2739,N41770,6
2740,N27238,6
2741,N30713,6
2742,N1468,6
2743,N1985,6
2744,N4537,6
2745,N56294,6
2746,N625,6
2747,N37142,6
2748,N54702,6
2749,N64837,6
2750,N13689,6
2751,N27521,6
2752,N50822,6
2753,N18267,6
2754,N42117,6
2755,N13337,6
2756,N23623,6
2757,N19117,6
2758,N61730,6
2759,N64811,6
2760,N13825,6
2761,N39914,6
2762,N51002,6
2763,N17376,6
2764,N1965,6
2765,N47122,6
2766,N27393,6
2767,N57860,6
2768,N65045,6
2769,N11381,6
2770,N59876,6
2771,N27941,6
2772,N40664,6
2773,N26162,6
2774,N44749,6
2775,N18553,6
2776,N5009,6
2777,N43738,6
2778,N13698,6
2779,N31505,6
2780,N21914,6
2781,N57248,6
2782,N35907,6
2783,N32268,6
2784,N58836,6
2785,N12280,6
2786,N19520,6
2787,N25979,6
2788,N49505,6
2789,N54228,6
2790,N11534,6
2791,N46887,6
2792,N45171,6
2793,N64536,6
2794,N17070,6
2795,N26705,6
2796,N59009,6
2797,N51194,6
2798,N10056,6
2799,N64446,6
2800,N55380,6
2801,N3885,6
2802,N46396,6
2803,N17000,6
2804,N55492,6
2805,N21646,6
2806,N13876,6
2807,N7535,6
2808,N40094,6
2809,N14884,6
2810,N7443,6
2811,N20972,6
2812,N32195,6
2813,N31701,6
2814,N60444,6
2815,N6930,6
2816,N30691,6
2817,N62801,6
2818,N18245,6
2819,N55261,5
2820,N2021,5
2821,N26271,5
2822,N55059,5
2823,N51049,5
2824,N60961,5
2825,N5550,5
2826,N1012,5
2827,N11738,5
2828,N52678,5
2829,N33332,5
2830,N54156,5
2831,N29155,5
2832,N8399,5
2833,N5507,5
2834,N5448,5
2835,N48037,5
2836,N29870,5
2837,N57484,5
2838,N50245,5
2839,N51223,5
2840,N2782,5
2841,N59908,5
2842,N63817,5
2843,N8791,5
2844,N32841,5
2845,N55178,5
2846,N32407,5
2847,N24750,5
2848,N32237,5
2849,N36865,5
2850,N50888,5
2851,N64103,5
2852,N44832,5
2853,N46892,5
2854,N63599,5
2855,N42694,5
2856,N50165,5
2857,N15132,5
2858,N61517,5
2859,N24643,5
2860,N37279,5
2861,N6566,5
2862,N33008,5
2863,N25128,5
2864,N62268,5
2865,N60252,5
2866,N58166,5
2867,N50875,5
2868,N41893,5
2869,N42522,5
2870,N29398,5
2871,N47933,5
2872,N14464,5
2873,N11853,5
2874,N12354,5
2875,N30664,5
2876,N37764,5
2877,N43483,5
2878,N63899,5
2879,N42739,5
2880,N46224,5
2881,N10832,5
2882,N59392,5
2883,N38155,5
2884,N58875,5
2885,N2334,5
2886,N15795,5
2887,N26997,5
2888,N47624,5
2889,N46882,5
2890,N35232,5
2891,N42088,5
2892,N40578,5
2893,N16230,5
2894,N15095,5
2895,N9910,5
2896,N56278,5
2897,N29298,5
2898,N51520,5
2899,N6532,5
2900,N62155,5
2901,N20755,5
2902,N22891,5
2903,N52600,5
2904,N56116,5
2905,N3996,5
2906,N33201,5
2907,N17392,5
2908,N8622,5
2909,N39229,5
2910,N49529,5
2911,N51032,5
2912,N659,5
2913,N38027,5
2914,N7518,5
2915,N62853,5
2916,N24358,5
2917,N55217,5
2918,N20702,5
2919,N64502,5
2920,N36168,5
2921,N35921,5
2922,N34390,5
2923,N50021,5
2924,N17333,5
2925,N52525,5
2926,N24429,5
2927,N21535,5
2928,N7285,5
2929,N43570,5
2930,N22926,5
2931,N50070,5
2932,N6268,5
2933,N24054,5
2934,N48843,5
2935,N35652,5
2936,N16117,5
2937,N25911,5
2938,N16412,5
2939,N30098,5
2940,N53423,5
2941,N22684,5
2942,N43,5
2943,N16282,5
2944,N15811,5
2945,N46367,5
2946,N35803,5
2947,N64176,5
2948,N24014,5
2949,N11721,5
2950,N43522,5
2951,N11569,5
2952,N46263,5
2953,N3677,5
2954,N31503,5
2955,N43628,5
2956,N802,5
2957,N32947,5
2958,N11306,5
2959,N18153,5
2960,N43848,5
2961,N10635,5
2962,N52837,5
2963,N23818,5
2964,N34581,5
2965,N26142,5
2966,N31727,5
2967,N24171,5
2968,N28698,5
2969,N53483,5
2970,N12351,5
2971,N16043,5
2972,N40381,5
2973,N52667,5
2974,N6962,5
2975,N52253,5
2976,N60988,5
2977,N42410,5
2978,N42488,5
2979,N39844,5
2980,N47057,5
2981,N18851,5
2982,N41626,5
2983,N36741,5
2984,N16035,5
2985,N19491,5
2986,N43149,5
2987,N41506,5
2988,N57984,5
2989,N15756,5
2990,N53866,5
2991,N63311,5
2992,N35093,5
2993,N3083,5
2994,N16044,5
2995,N2355,5
2996,N44764,5
2997,N18862,5
2998,N34689,5
2999,N40268,5
3000,N14816,5
3001,N3338,5
3002,N28224,5
3003,N64560,5
3004,N50316,5
3005,N56819,5
3006,N57311,5
3007,N21369,5
3008,N39432,5
3009,N59161,5
3010,N17419,5
3011,N27041,5
3012,N22546,5
3013,N16835,5
3014,N52586,5
3015,N3148,5
3016,N44694,5
3017,N62726,5
3018,N61622,4
3019,N55268,4
3020,N806,4
3021,N23508,4
3022,N45159,4
3023,N60716,4
3024,N159,4
3025,N60231,4
3026,N18685,4
3027,N9187,4
3028,N44314,4
3029,N9773,4
3030,N60727,4
3031,N1495,4
3032,N16616,4
3033,N19904,4
3034,N19848,4
3035,N26702,4
3036,N42754,4
3037,N1477,4
3038,N32753,4
3039,N10263,4
3040,N52163,4
3041,N8639,4
3042,N58728,4
3043,N21304,4
3044,N14125,4
3045,N9738,4
3046,N39895,4
3047,N38615,4
3048,N11871,4
3049,N43568,4
3050,N8863,4
3051,N61983,4
3052,N16311,4
3053,N47873,4
3054,N31283,4
3055,N2553,4
3056,N60045,4
3057,N14710,4
3058,N3734,4
3059,N58143,4
3060,N57312,4
3061,N49498,4
3062,N47957,4
3063,N45459,4
3064,N47906,4
3065,N64263,4
3066,N2104,4
3067,N10565,4
3068,N13864,4
3069,N26469,4
3070,N29572,4
3071,N8519,4
3072,N59427,4
3073,N32381,4
3074,N28861,4
3075,N16826,4
3076,N4820,4
3077,N40403,4
3078,N30550,4
3079,N55669,4
3080,N28300,4
3081,N3992,4
3082,N60291,4
3083,N43322,4
3084,N32371,4
3085,N9746,4
3086,N2810,4
3087,N40887,4
3088,N24581,4
3089,N32785,4
3090,N42159,4
3091,N13854,4
3092,N37744,4
3093,N42062,4
3094,N28757,4
3095,N49953,4
3096,N56665,4
3097,N62416,4
3098,N23177,4
3099,N53627,4
3100,N31325,4
3101,N38488,4
3102,N30529,4
3103,N63529,4
3104,N56924,4
3105,N7136,4
3106,N57768,4
3107,N16485,4
3108,N3135,4
3109,N37989,4
3110,N47938,4
3111,N31053,4
3112,N9092,4
3113,N58748,4
3114,N39925,4
3115,N54993,4
3116,N6553,4
3117,N24928,4
3118,N50588,4
3119,N59031,4
3120,N63442,4
3121,N54911,4
3122,N10061,4
3123,N9325,4
3124,N65034,4
3125,N976,4
3126,N47219,4
3127,N29534,4
3128,N63328,4
3129,N29553,4
3130,N4661,4
3131,N41739,4
3132,N40705,4
3133,N64486,4
3134,N62967,4
3135,N52039,4
3136,N45777,4
3137,N4711,4
3138,N33135,4
3139,N903,4
3140,N52512,4
3141,N15973,4
3142,N28356,4
3143,N4573,4
3144,N59344,4
3145,N39898,4
3146,N21358,4
3147,N9961,4
3148,N61697,4
3149,N45612,4
3150,N36932,4
3151,N29989,4
3152,N15405,4
3153,N31025,4
3154,N25580,4
3155,N56568,4
3156,N23779,4
3157,N328,4
3158,N47923,4
3159,N34372,4
3160,N32103,4
3161,N34871,4
3162,N47101,4
3163,N977,4
3164,N21594,4
3165,N46847,4
3166,N2678,4
3167,N25758,4
3168,N2838,4
3169,N30455,4
3170,N20349,4
3171,N7964,4
3172,N30212,4
3173,N675,4
3174,N58617,4
3175,N7620,4
3176,N37596,4
3177,N28710,4
3178,N52330,4
3179,N60118,4
3180,N1925,4
3181,N13235,4
3182,N18771,4
3183,N44623,4
3184,N373,4
3185,N44183,4
3186,N52649,4
3187,N45723,4
3188,N25142,4
3189,N56479,4
3190,N44176,4
3191,N46725,4
3192,N20231,4
3193,N28281,4
3194,N45283,4
3195,N27740,4
3196,N24608,4
3197,N3925,4
3198,N17577,4
3199,N16549,4
3200,N64304,4
3201,N17694,4
3202,N40702,4
3203,N64840,4
3204,N56315,4
3205,N32412,4
3206,N16130,4
3207,N14169,4
3208,N5890,4
3209,N54333,4
3210,N17629,4
3211,N9887,4
3212,N58941,4
3213,N48327,4
3214,N63480,4
3215,N14075,4
3216,N8456,4
3217,N7025,4
3218,N7685,4
3219,N16788,4
3220,N2377,4
3221,N52520,4
3222,N24926,4
3223,N61817,4
3224,N37477,4
3225,N57565,4
3226,N49527,4
3227,N12567,4
3228,N23570,4
3229,N25999,4
3230,N52236,4
3231,N41967,4
3232,N34387,4
3233,N58081,4
3234,N32472,4
3235,N44887,4
3236,N39244,4
3237,N17701,4
3238,N44250,4
3239,N10833,4
3240,N60855,4
3241,N49989,4
3242,N3718,4
3243,N8673,4
3244,N4955,4
3245,N51795,4
3246,N53626,4
3247,N23370,4
3248,N18038,4
3249,N46666,4
3250,N25133,4
3251,N36252,4
3252,N62310,4
3253,N11708,4
3254,N28282,4
3255,N17381,4
3256,N58083,4
3257,N64296,4
3258,N46211,4
3259,N19998,4
3260,N53617,4
3261,N1927,4
3262,N20630,4
3263,N18801,4
3264,N50029,4
3265,N17723,4
3266,N14364,4
3267,N3271,4
3268,N59805,4
3269,N56526,4
3270,N39907,4
3271,N65230,4
3272,N63211,4
3273,N42767,4
3274,N53161,4
3275,N15519,4
3276,N13614,4
3277,N37318,4
3278,N34672,4
3279,N20102,4
3280,N54803,4
3281,N48264,4
3282,N21717,4
3283,N57361,4
3284,N12166,4
3285,N12873,4
3286,N62314,4
3287,N64096,4
3288,N52069,4
3289,N51364,4
3290,N52186,4
3291,N41322,4
3292,N48132,4
3293,N35535,4
3294,N38433,4
3295,N24983,4
3296,N7928,4
3297,N10242,4
3298,N15074,4
3299,N52991,4
3300,N4810,4
3301,N60296,4
3302,N409,4
3303,N61282,4
3304,N61774,4
3305,N65081,4
3306,N379,4
3307,N47040,4
3308,N42378,4
3309,N32087,4
3310,N43179,4
3311,N29826,4
3312,N53554,4
3313,N26190,4
3314,N18828,4
3315,N59801,4
3316,N29619,4
3317,N57723,4
3318,N62218,4
3319,N46311,4
3320,N1958,4
3321,N34977,4
3322,N23147,4
3323,N14823,4
3324,N57973,4
3325,N29696,4
3326,N28805,4
3327,N54541,3
3328,N52426,3
3329,N9579,3
3330,N31314,3
3331,N1129,3
3332,N30667,3
3333,N54811,3
3334,N18606,3
3335,N39547,3
3336,N22096,3
3337,N14213,3
3338,N291,3
3339,N28932,3
3340,N56154,3
3341,N60864,3
3342,N1059,3
3343,N22811,3
3344,N58573,3
3345,N20205,3
3346,N56127,3
3347,N6665,3
3348,N58176,3
3349,N49714,3
3350,N4549,3
3351,N11675,3
3352,N10859,3
3353,N12598,3
3354,N9905,3
3355,N16318,3
3356,N43530,3
3357,N24168,3
3358,N31031,3
3359,N52629,3
3360,N25225,3
3361,N5275,3
3362,N31980,3
3363,N31333,3
3364,N21228,3
3365,N20404,3
3366,N47353,3
3367,N35290,3
3368,N8704,3
3369,N344,3
3370,N15310,3
3371,N64721,3
3372,N53698,3
3373,N29023,3
3374,N12702,3
3375,N61162,3
3376,N58693,3
3377,N26934,3
3378,N13299,3
3379,N36940,3
3380,N40558,3
3381,N19915,3
3382,N40901,3
3383,N50773,3
3384,N18704,3
3385,N34597,3
3386,N5196,3
3387,N19685,3
3388,N46024,3
3389,N11415,3
3390,N21093,3
3391,N37484,3
3392,N36049,3
3393,N42913,3
3394,N1812,3
3395,N46619,3
3396,N6758,3
3397,N48722,3
3398,N19300,3
3399,N12744,3
3400,N62981,3
3401,N16431,3
3402,N12140,3
3403,N58431,3
3404,N53095,3
3405,N49178,3
3406,N693,3
3407,N58016,3
3408,N24037,3
3409,N6775,3
3410,N5582,3
3411,N30605,3
3412,N50938,3
3413,N27276,3
3414,N36942,3
3415,N32708,3
3416,N20766,3
3417,N39452,3
3418,N55407,3
3419,N60612,3
3420,N61925,3
3421,N9392,3
3422,N28221,3
3423,N5142,3
3424,N37266,3
3425,N11199,3
3426,N28914,3
3427,N27614,3
3428,N40180,3
3429,N31359,3
3430,N15582,3
3431,N47084,3
3432,N20209,3
3433,N52972,3
3434,N26972,3
3435,N55364,3
3436,N12476,3
3437,N40395,3
3438,N29379,3
3439,N41378,3
3440,N1020,3
3441,N56551,3
3442,N8236,3
3443,N35148,3
3444,N2307,3
3445,N10774,3
3446,N7895,3
3447,N52740,3
3448,N64109,3
3449,N58675,3
3450,N39814,3
3451,N27492,3
3452,N5940,3
3453,N42660,3
3454,N16560,3
3455,N28588,3
3456,N19858,3
3457,N44910,3
3458,N20331,3
3459,N28778,3
3460,N39861,3
3461,N11470,3
3462,N51355,3
3463,N44357,3
3464,N32600,3
3465,N35678,3
3466,N63309,3
3467,N30614,3
3468,N48711,3
3469,N58635,3
3470,N15960,3
3471,N60103,3
3472,N11923,3
3473,N32972,3
3474,N56685,3
3475,N54079,3
3476,N5904,3
3477,N6262,3
3478,N8928,3
3479,N21183,3
3480,N62079,3
3481,N3476,3
3482,N60179,3
3483,N46046,3
3484,N36984,3
3485,N36873,3
3486,N53111,3
3487,N39500,3
3488,N28924,3
3489,N45367,3
3490,N2772,3
3491,N14164,3
3492,N4635,3
3493,N17107,3
3494,N24473,3
3495,N59693,3
3496,N6829,3
3497,N5979,3
3498,N11587,3
3499,N54876,3
3500,N42659,3
3501,N27946,3
3502,N18405,3
3503,N58413,3
3504,N60757,3
3505,N34092,3
3506,N42651,3
3507,N49556,3
3508,N5220,3
3509,N60931,3
3510,N24342,3
3511,N24121,3
3512,N59625,3
3513,N56960,3
3514,N63580,3
3515,N12126,3
3516,N26049,3
3517,N57912,3
3518,N46772,3
3519,N3354,3
3520,N61281,3
3521,N58890,3
3522,N24225,3
3523,N41685,3
3524,N53510,3
3525,N30554,3
3526,N42595,3
3527,N59978,3
3528,N9888,3
3529,N475,3
3530,N2141,3
3531,N17095,3
3532,N10266,3
3533,N2060,3
3534,N55147,3
3535,N18317,3
3536,N61514,3
3537,N9724,3
3538,N43763,3
3539,N17009,3
3540,N48782,3
3541,N12629,3
3542,N40472,3
3543,N62503,3
3544,N19703,3
3545,N25775,3
3546,N23113,3
3547,N45839,3
3548,N48965,3
3549,N58047,3
3550,N64003,3
3551,N48992,3
3552,N53604,3
3553,N7202,3
3554,N40550,3
3555,N16489,3
3556,N16806,3
3557,N58505,3
3558,N31005,3
3559,N21800,3
3560,N27003,3
3561,N4036,3
3562,N21587,3
3563,N48352,3
3564,N49935,3
3565,N47454,3
3566,N63218,3
3567,N57267,3
3568,N57956,3
3569,N50487,3
3570,N30750,3
3571,N25868,3
3572,N28527,3
3573,N55362,3
3574,N50162,3
3575,N59973,3
3576,N36943,3
3577,N64334,3
3578,N48465,3
3579,N49296,3
3580,N2129,3
3581,N11406,3
3582,N17607,3
3583,N38979,3
3584,N42972,3
3585,N49948,3
3586,N21710,3
3587,N21750,3
3588,N59612,3
3589,N2216,3
3590,N61628,3
3591,N9382,3
3592,N64550,3
3593,N63481,3
3594,N19768,3
3595,N24078,3
3596,N7507,3
3597,N3116,3
3598,N14671,3
3599,N17228,3
3600,N3297,3
3601,N17313,3
3602,N60048,3
3603,N20081,3
3604,N47335,3
3605,N31492,3
3606,N2414,3
3607,N27770,3
3608,N9548,3
3609,N2627,3
3610,N34362,3
3611,N54023,3
3612,N36926,3
3613,N63627,3
3614,N9489,3
3615,N27183,3
3616,N24521,3
3617,N37925,3
3618,N27591,3
3619,N17875,3
3620,N9790,3
3621,N23499,3
3622,N41863,3
3623,N11975,3
3624,N50196,3
3625,N46495,3
3626,N25614,3
3627,N60960,3
3628,N54879,3
3629,N34099,3
3630,N50228,3
3631,N35931,3
3632,N45260,3
3633,N10132,3
3634,N55025,3
3635,N63044,3
3636,N19683,3
3637,N39732,3
3638,N25748,3
3639,N61846,3
3640,N25060,3
3641,N47272,3
3642,N8019,3
3643,N12484,3
3644,N48373,3
3645,N61862,3
3646,N26781,3
3647,N9076,3
3648,N12283,3
3649,N32378,3
3650,N6779,3
3651,N12703,3
3652,N7364,3
3653,N39601,3
3654,N61212,3
3655,N27871,3
3656,N52925,3
3657,N30202,3
3658,N9846,3
3659,N61057,3
3660,N12774,3
3661,N54062,3
3662,N5434,3
3663,N25219,3
3664,N29692,3
3665,N20943,3
3666,N15260,3
3667,N45168,3
3668,N45700,3
3669,N49696,3
3670,N19466,3
3671,N35906,3
3672,N14753,3
3673,N20628,3
3674,N14840,3
3675,N38813,3
3676,N6425,3
3677,N30033,3
3678,N59003,3
3679,N13671,3
3680,N32571,3
3681,N20016,3
3682,N62339,3
3683,N14677,3
3684,N52553,3
3685,N56502,3
3686,N26556,3
3687,N2452,3
3688,N36826,3
3689,N9136,3
3690,N58965,3
3691,N34086,3
3692,N20873,3
3693,N25672,3
3694,N44831,3
3695,N54490,3
3696,N40121,3
3697,N61849,3
3698,N48950,3
3699,N55644,3
3700,N19623,3
3701,N31424,3
3702,N4550,3
3703,N9296,3
3704,N43984,3
3705,N503,3
3706,N43888,3
3707,N53300,3
3708,N17169,3
3709,N43832,3
3710,N31654,3
3711,N7342,3
3712,N54010,3
3713,N17183,3
3714,N31266,3
3715,N29666,3
3716,N19926,3
3717,N34220,3
3718,N34620,3
3719,N18700,3
3720,N42265,3
3721,N33868,3
3722,N4134,3
3723,N47250,3
3724,N24767,3
3725,N56634,3
3726,N63261,3
3727,N15707,3
3728,N15628,3
3729,N4722,3
3730,N23423,3
3731,N19464,3
3732,N22849,3
3733,N47689,3
3734,N1102,3
3735,N22102,3
3736,N55435,3
3737,N11961,3
3738,N20112,3
3739,N56701,3
3740,N9019,3
3741,N49706,3
3742,N29847,3
3743,N39151,3
3744,N18956,3
3745,N52129,3
3746,N38678,3
3747,N64381,3
3748,N63142,3
3749,N59467,3
3750,N5038,3
3751,N125,3
3752,N26674,3
3753,N53201,3
3754,N26189,3
3755,N22855,3
3756,N37972,3
3757,N62756,3
3758,N39079,3
3759,N54694,3
3760,N13905,3
3761,N3113,3
3762,N37593,3
3763,N51531,3
3764,N40210,3
3765,N18855,3
3766,N54269,3
3767,N38936,3
3768,N7631,3
3769,N26453,3
3770,N2644,3
3771,N832,3
3772,N9492,3
3773,N44461,3
3774,N41391,3
3775,N1858,3
3776,N2658,3
3777,N41282,3
3778,N60695,3
3779,N59770,3
3780,N50868,3
3781,N12616,3
3782,N27788,3
3783,N15735,3
3784,N62534,3
3785,N7405,3
3786,N22374,3
3787,N56120,3
3788,N52072,3
3789,N24779,3
3790,N24440,3
3791,N11379,3
3792,N31576,3
3793,N28170,3
3794,N45953,3
3795,N8172,3
3796,N60643,3
3797,N36854,3
3798,N22750,3
3799,N43421,3
3800,N12871,3
3801,N43574,3
3802,N34292,3
3803,N44278,3
3804,N30100,3
3805,N7090,3
3806,N17986,3
3807,N1657,3
3808,N63091,3
3809,N26086,3
3810,N39451,3
3811,N25502,3
3812,N49007,3
3813,N8817,3
3814,N42449,3
3815,N42283,3
3816,N31511,3
3817,N58931,3
3818,N17918,3
3819,N14646,3
3820,N44252,3
3821,N26125,3
3822,N9669,3
3823,N13902,3
3824,N44627,3
3825,N46589,3
3826,N17535,3
3827,N17786,3
3828,N30315,3
3829,N22364,3
3830,N17175,3
3831,N12721,3
3832,N53011,3
3833,N5447,3
3834,N86,3
3835,N21590,3
3836,N33855,3
3837,N7250,3
3838,N49545,3
3839,N46159,3
3840,N15990,2
3841,N10480,2
3842,N2439,2
3843,N37214,2
3844,N36414,2
3845,N594,2
3846,N21321,2
3847,N56818,2
3848,N37801,2
3849,N23093,2
3850,N14474,2
3851,N45340,2
3852,N46724,2
3853,N61586,2
3854,N63992,2
3855,N32373,2
3856,N59160,2
3857,N27357,2
3858,N25266,2
3859,N23651,2
3860,N57972,2
3861,N48504,2
3862,N13461,2
3863,N61183,2
3864,N62174,2
3865,N29344,2
3866,N28831,2
3867,N8070,2
3868,N23107,2
3869,N47000,2
3870,N24418,2
3871,N10883,2
3872,N40567,2
3873,N55509,2
3874,N59168,2
3875,N51314,2
3876,N61292,2
3877,N60297,2
3878,N24923,2
3879,N4238,2
3880,N9506,2
3881,N10363,2
3882,N35401,2
3883,N58450,2
3884,N30367,2
3885,N23583,2
3886,N19868,2
3887,N46939,2
3888,N46200,2
3889,N55865,2
3890,N5015,2
3891,N63064,2
3892,N18999,2
3893,N16595,2
3894,N63742,2
3895,N32232,2
3896,N27387,2
3897,N8503,2
3898,N31156,2
3899,N60904,2
3900,N49323,2
3901,N25625,2
3902,N12588,2
3903,N31753,2
3904,N31758,2
3905,N35645,2
3906,N26063,2
3907,N42272,2
3908,N7806,2
3909,N36584,2
3910,N23260,2
3911,N47607,2
3912,N9247,2
3913,N49076,2
3914,N16223,2
3915,N19663,2
3916,N4506,2
3917,N57985,2
3918,N50879,2
3919,N40512,2
3920,N27594,2
3921,N2957,2
3922,N16447,2
3923,N6475,2
3924,N30926,2
3925,N6008,2
3926,N29210,2
3927,N38025,2
3928,N8167,2
3929,N64598,2
3930,N9530,2
3931,N23117,2
3932,N6631,2
3933,N197,2
3934,N1206,2
3935,N23230,2
3936,N40014,2
3937,N63372,2
3938,N28931,2
3939,N34146,2
3940,N46904,2
3941,N59478,2
3942,N3377,2
3943,N54534,2
3944,N53386,2
3945,N51572,2
3946,N12091,2
3947,N40936,2
3948,N42241,2
3949,N29848,2
3950,N50861,2
3951,N48893,2
3952,N62341,2
3953,N20147,2
3954,N33568,2
3955,N61662,2
3956,N64831,2
3957,N7408,2
3958,N62369,2
3959,N6977,2
3960,N45043,2
3961,N58294,2
3962,N29858,2
3963,N51631,2
3964,N16465,2
3965,N53251,2
3966,N16205,2
3967,N51608,2
3968,N24126,2
3969,N36914,2
3970,N52617,2
3971,N53783,2
3972,N3839,2
3973,N23285,2
3974,N29665,2
3975,N40281,2
3976,N19316,2
3977,N32330,2
3978,N43284,2
3979,N16234,2
3980,N26233,2
3981,N2874,2
3982,N32428,2
3983,N58773,2
3984,N60221,2
3985,N9273,2
3986,N20136,2
3987,N5527,2
3988,N44022,2
3989,N43222,2
3990,N44219,2
3991,N21999,2
3992,N51750,2
3993,N35150,2
3994,N26643,2
3995,N633,2
3996,N42882,2
3997,N23336,2
3998,N12986,2
3999,N22731,2
4000,N50124,2
4001,N38698,2
4002,N14344,2
4003,N24056,2
4004,N27327,2
4005,N34459,2
4006,N47118,2
4007,N61996,2
4008,N43826,2
4009,N53069,2
4010,N60024,2
4011,N28566,2
4012,N62202,2
4013,N27480,2
4014,N12688,2
4015,N64914,2
4016,N11280,2
4017,N23452,2
4018,N59270,2
4019,N51404,2
4020,N48664,2
4021,N13130,2
4022,N6074,2
4023,N29198,2
4024,N32260,2
4025,N32118,2
4026,N25963,2
4027,N57187,2
4028,N2058,2
4029,N57499,2
4030,N20995,2
4031,N56786,2
4032,N47773,2
4033,N23009,2
4034,N36336,2
4035,N10696,2
4036,N58881,2
4037,N29922,2
4038,N16104,2
4039,N28541,2
4040,N9522,2
4041,N3257,2
4042,N33121,2
4043,N46937,2
4044,N45475,2
4045,N24071,2
4046,N1204,2
4047,N47415,2
4048,N50471,2
4049,N62297,2
4050,N36040,2
4051,N4540,2
4052,N17583,2
4053,N62059,2
4054,N57904,2
4055,N12301,2
4056,N2297,2
4057,N64780,2
4058,N48445,2
4059,N32765,2
4060,N11828,2
4061,N49769,2
4062,N49875,2
4063,N32401,2
4064,N123,2
4065,N39655,2
4066,N35037,2
4067,N61843,2
4068,N55649,2
4069,N24362,2
4070,N7741,2
4071,N24719,2
4072,N64606,2
4073,N8428,2
4074,N22379,2
4075,N42305,2
4076,N18476,2
4077,N58400,2
4078,N55083,2
4079,N20926,2
4080,N2999,2
4081,N53955,2
4082,N16016,2
4083,N14879,2
4084,N33575,2
4085,N34921,2
4086,N3103,2
4087,N59893,2
4088,N42269,2
4089,N5369,2
4090,N47904,2
4091,N17016,2
4092,N26452,2
4093,N1865,2
4094,N24264,2
4095,N6612,2
4096,N59414,2
4097,N63473,2
4098,N41596,2
4099,N28759,2
4100,N7213,2
4101,N19537,2
4102,N1183,2
4103,N55880,2
4104,N52956,2
4105,N21544,2
4106,N55632,2
4107,N29265,2
4108,N40776,2
4109,N61107,2
4110,N21196,2
4111,N23591,2
4112,N39329,2
4113,N52055,2
4114,N15970,2
4115,N26420,2
4116,N55015,2
4117,N6856,2
4118,N11032,2
4119,N34830,2
4120,N4328,2
4121,N24599,2
4122,N56495,2
4123,N2384,2
4124,N46926,2
4125,N45724,2
4126,N58653,2
4127,N6423,2
4128,N17164,2
4129,N23722,2
4130,N25654,2
4131,N1424,2
4132,N20264,2
4133,N11826,2
4134,N22226,2
4135,N42132,2
4136,N8627,2
4137,N64728,2
4138,N52345,2
4139,N35623,2
4140,N48968,2
4141,N55374,2
4142,N56265,2
4143,N60690,2
4144,N35609,2
4145,N43806,2
4146,N39756,2
4147,N17780,2
4148,N23963,2
4149,N7130,2
4150,N18483,2
4151,N14346,2
4152,N28148,2
4153,N27135,2
4154,N41074,2
4155,N16590,2
4156,N53126,2
4157,N23235,2
4158,N22804,2
4159,N40243,2
4160,N30345,2
4161,N39583,2
4162,N26434,2
4163,N63966,2
4164,N259,2
4165,N48762,2
4166,N5501,2
4167,N28569,2
4168,N26969,2
4169,N52761,2
4170,N15997,2
4171,N6198,2
4172,N40769,2
4173,N6537,2
4174,N9999,2
4175,N51815,2
4176,N42035,2
4177,N32490,2
4178,N23440,2
4179,N37164,2
4180,N51977,2
4181,N24854,2
4182,N40332,2
4183,N6153,2
4184,N6257,2
4185,N60493,2
4186,N47665,2
4187,N22838,2
4188,N43016,2
4189,N19164,2
4190,N40595,2
4191,N48975,2
4192,N16470,2
4193,N54376,2
4194,N17831,2
4195,N35915,2
4196,N58671,2
4197,N54662,2
4198,N30184,2
4199,N51999,2
4200,N707,2
4201,N25783,2
4202,N60780,2
4203,N48025,2
4204,N13171,2
4205,N61469,2
4206,N14245,2
4207,N53528,2
4208,N12465,2
4209,N62970,2
4210,N57384,2
4211,N9991,2
4212,N63159,2
4213,N46272,2
4214,N62877,2
4215,N21384,2
4216,N45609,2
4217,N8965,2
4218,N64197,2
4219,N44663,2
4220,N58263,2
4221,N39193,2
4222,N17611,2
4223,N62420,2
4224,N22815,2
4225,N6580,2
4226,N7519,2
4227,N46095,2
4228,N5975,2
4229,N38652,2
4230,N33691,2
4231,N47085,2
4232,N5044,2
4233,N26650,2
4234,N31379,2
4235,N56153,2
4236,N55898,2
4237,N14711,2
4238,N23110,2
4239,N20750,2
4240,N55919,2
4241,N9551,2
4242,N24781,2
4243,N63751,2
4244,N64634,2
4245,N29543,2
4246,N53350,2
4247,N1344,2
4248,N61829,2
4249,N6776,2
4250,N24904,2
4251,N57753,2
4252,N51550,2
4253,N6836,2
4254,N51324,2
4255,N60621,2
4256,N14488,2
4257,N21605,2
4258,N23469,2
4259,N58620,2
4260,N37330,2
4261,N48494,2
4262,N14638,2
4263,N58540,2
4264,N56892,2
4265,N2875,2
4266,N2279,2
4267,N27866,2
4268,N5517,2
4269,N6159,2
4270,N26555,2
4271,N38692,2
4272,N7145,2
4273,N40423,2
4274,N50270,2
4275,N49548,2
4276,N62550,2
4277,N41071,2
4278,N23615,2
4279,N24965,2
4280,N49320,2
4281,N47263,2
4282,N3516,2
4283,N36636,2
4284,N41447,2
4285,N39569,2
4286,N49855,2
4287,N19195,2
4288,N58638,2
4289,N47940,2
4290,N4946,2
4291,N53075,2
4292,N54061,2
4293,N34165,2
4294,N53652,2
4295,N65224,2
4296,N42869,2
4297,N29796,2
4298,N12190,2
4299,N11877,2
4300,N37589,2
4301,N54501,2
4302,N29170,2
4303,N9513,2
4304,N4254,2
4305,N7325,2
4306,N56113,2
4307,N57981,2
4308,N4258,2
4309,N59143,2
4310,N59980,2
4311,N7688,2
4312,N11397,2
4313,N17891,2
4314,N12363,2
4315,N40333,2
4316,N23716,2
4317,N4717,2
4318,N64583,2
4319,N52164,2
4320,N12526,2
4321,N20387,2
4322,N38771,2
4323,N25888,2
4324,N22538,2
4325,N34004,2
4326,N63108,2
4327,N8458,2
4328,N3927,2
4329,N7866,2
4330,N55558,2
4331,N7125,2
4332,N23873,2
4333,N47148,2
4334,N59067,2
4335,N53687,2
4336,N62280,2
4337,N20912,2
4338,N64136,2
4339,N12214,2
4340,N54340,2
4341,N31279,2
4342,N47291,2
4343,N62541,2
4344,N56105,2
4345,N36791,2
4346,N5886,2
4347,N38350,2
4348,N12022,2
4349,N16216,2
4350,N55355,2
4351,N21714,2
4352,N17661,2
4353,N60257,2
4354,N22942,2
4355,N42007,2
4356,N36946,2
4357,N40574,2
4358,N7616,2
4359,N58179,2
4360,N60787,2
4361,N56910,2
4362,N53754,2
4363,N38487,2
4364,N25703,2
4365,N2659,2
4366,N8361,2
4367,N11990,2
4368,N7813,2
4369,N58520,2
4370,N55894,2
4371,N43847,2
4372,N46123,2
4373,N63249,2
4374,N13540,2
4375,N62296,2
4376,N51727,2
4377,N43932,2
4378,N23577,2
4379,N6806,2
4380,N46972,2
4381,N43491,2
4382,N3769,2
4383,N6329,2
4384,N51462,2
4385,N26352,2
4386,N2987,2
4387,N1113,2
4388,N23955,2
4389,N55292,2
4390,N45728,2
4391,N56740,2
4392,N31719,2
4393,N56885,2
4394,N12656,2
4395,N22543,2
4396,N43115,2
4397,N38915,2
4398,N14924,2
4399,N40523,2
4400,N63080,2
4401,N59324,2
4402,N30314,2
4403,N63917,2
4404,N59127,2
4405,N50485,2
4406,N40943,2
4407,N22062,2
4408,N22556,2
4409,N60670,2
4410,N26124,2
4411,N3982,2
4412,N21783,2
4413,N25312,2
4414,N12999,2
4415,N22215,2
4416,N20283,2
4417,N32969,2
4418,N12033,2
4419,N7627,2
4420,N59384,2
4421,N61556,2
4422,N28445,2
4423,N63193,2
4424,N44413,2
4425,N40993,2
4426,N33655,2
4427,N613,2
4428,N8660,2
4429,N6601,2
4430,N22916,2
4431,N37523,2
4432,N49161,2
4433,N8747,2
4434,N6387,2
4435,N59340,2
4436,N46050,2
4437,N48437,2
4438,N23521,2
4439,N48687,2
4440,N5774,2
4441,N3858,2
4442,N50422,2
4443,N58478,2
4444,N21037,2
4445,N33058,2
4446,N30039,2
4447,N44287,2
4448,N42703,2
4449,N33007,2
4450,N57625,2
4451,N21180,2
4452,N52705,2
4453,N51050,2
4454,N2454,2
4455,N62104,2
4456,N11718,2
4457,N46979,2
4458,N34190,2
4459,N3432,2
4460,N52485,2
4461,N9156,2
4462,N6868,2
4463,N45312,2
4464,N54268,2
4465,N22393,2
4466,N37429,2
4467,N52604,2
4468,N39167,2
4469,N49842,2
4470,N5534,2
4471,N44605,2
4472,N50393,2
4473,N22170,2
4474,N44615,2
4475,N6911,2
4476,N35644,2
4477,N35658,2
4478,N33939,2
4479,N52665,2
4480,N38437,2
4481,N65021,2
4482,N47290,2
4483,N26418,2
4484,N34935,2
4485,N41101,2
4486,N56716,2
4487,N39394,2
4488,N39104,2
4489,N40329,2
4490,N35475,2
4491,N63691,2
4492,N3429,2
4493,N27945,2
4494,N11814,2
4495,N58139,2
4496,N54966,2
4497,N49406,2
4498,N28146,2
4499,N11937,2
4500,N29327,2
4501,N26665,2
4502,N62752,2
4503,N14747,2
4504,N33396,2
4505,N16567,2
4506,N29059,2
4507,N22430,2
4508,N37843,2
4509,N40119,2
4510,N46491,2
4511,N45798,2
4512,N50,2
4513,N35434,2
4514,N62621,2
4515,N20051,2
4516,N60986,2
4517,N15840,2
4518,N24367,2
4519,N53969,2
4520,N39955,2
4521,N13212,2
4522,N13879,2
4523,N4508,2
4524,N35917,2
4525,N9753,2
4526,N1215,2
4527,N13290,2
4528,N8374,2
4529,N57814,2
4530,N38888,2
4531,N54987,2
4532,N7476,2
4533,N3778,2
4534,N43955,2
4535,N52046,2
4536,N55504,2
4537,N26425,2
4538,N25393,2
4539,N26941,2
4540,N42306,2
4541,N18296,2
4542,N18308,2
4543,N5502,2
4544,N38506,2
4545,N30231,2
4546,N6349,2
4547,N36455,2
4548,N32218,2
4549,N47918,2
4550,N40889,2
4551,N24876,2
4552,N37664,2
4553,N63421,2
4554,N17270,2
4555,N54066,2
4556,N17259,2
4557,N34135,2
4558,N39635,2
4559,N6825,2
4560,N6355,2
4561,N5228,2
4562,N9596,2
4563,N1768,2
4564,N43871,2
4565,N52395,2
4566,N32311,2
4567,N5115,2
4568,N39707,2
4569,N46764,2
4570,N6073,2
4571,N34228,2
4572,N43999,2
4573,N27999,2
4574,N12302,2
4575,N30017,2
4576,N21312,2
4577,N57929,2
4578,N39313,2
4579,N37304,2
4580,N34789,2
4581,N7220,2
4582,N2138,2
4583,N4346,2
4584,N54398,2
4585,N36478,2
4586,N5213,2
4587,N20554,2
4588,N50308,2
4589,N11911,2
4590,N62408,2
4591,N24258,2
4592,N22517,2
4593,N59797,2
4594,N34232,2
4595,N39097,2
4596,N22086,2
4597,N4894,2
4598,N61692,2
4599,N52125,2
4600,N42081,2
4601,N13833,2
4602,N10560,2
4603,N38393,2
4604,N58056,2
4605,N51059,2
4606,N32162,2
4607,N29687,2
4608,N60825,2
4609,N2108,2
4610,N13288,2
4611,N2054,2
4612,N24269,2
4613,N49147,2
4614,N11720,2
4615,N5832,2
4616,N8651,2
4617,N10057,2
4618,N26213,2
4619,N38699,2
4620,N51024,2
4621,N28895,2
4622,N2205,2
4623,N51210,2
4624,N20831,2
4625,N5176,2
4626,N33618,2
4627,N10965,2
4628,N46176,2
4629,N59833,2
4630,N51457,2
4631,N3174,2
4632,N14338,2
4633,N44215,2
4634,N43515,2
4635,N11336,2
4636,N52790,2
4637,N25376,2
4638,N13546,2
4639,N23086,2
4640,N24122,2
4641,N37692,2
4642,N14239,2
4643,N42939,2
4644,N19598,2
4645,N27055,2
4646,N26985,2
4647,N25967,2
4648,N3182,2
4649,N11581,2
4650,N11492,2
4651,N63823,2
4652,N29321,2
4653,N43799,2
4654,N32608,2
4655,N10763,2
4656,N62186,2
4657,N36258,2
4658,N41846,2
4659,N57142,2
4660,N19257,2
4661,N35562,2
4662,N15238,2
4663,N54784,2
4664,N7394,2
4665,N42588,2
4666,N35133,2
4667,N5955,2
4668,N37139,2
4669,N24824,2
4670,N6794,2
4671,N34525,2
4672,N57250,2
4673,N22487,2
4674,N52939,2
4675,N40662,2
4676,N5451,2
4677,N35757,2
4678,N27859,2
4679,N2266,2
4680,N54147,2
4681,N53170,2
4682,N56016,2
4683,N18733,2
4684,N37252,2
4685,N16657,2
4686,N58945,2
4687,N20203,2
4688,N3707,2
4689,N30027,2
4690,N34967,2
4691,N316,2
4692,N62111,2
4693,N4061,2
4694,N27749,2
4695,N34837,2
4696,N21141,2
4697,N23517,2
4698,N31748,2
4699,N52803,2
4700,N48107,2
4701,N34517,2
4702,N15174,2
4703,N34820,2
4704,N6216,2
4705,N14367,2
4706,N40507,2
4707,N19162,2
4708,N62443,2
4709,N41822,2
4710,N54916,2
4711,N60678,2
4712,N23833,2
4713,N59617,2
4714,N31899,2
4715,N42491,2
4716,N45368,2
4717,N14935,2
4718,N32408,2
4719,N59559,2
4720,N57034,2
4721,N28398,2
4722,N41406,2
4723,N30283,2
4724,N9778,2
4725,N50376,2
4726,N22630,2
4727,N55958,2
4728,N50841,2
4729,N52696,2
4730,N49733,2
4731,N6903,2
4732,N53894,2
4733,N44776,2
4734,N17800,2
4735,N45505,2
4736,N26605,2
4737,N37941,2
4738,N13220,2
4739,N22590,2
4740,N3038,2
4741,N34344,2
4742,N3073,2
4743,N18335,2
4744,N62804,2
4745,N30296,2
4746,N6635,2
4747,N48266,2
4748,N17464,2
4749,N6299,2
4750,N51369,2
4751,N13035,2
4752,N33851,2
4753,N9322,2
4754,N50065,2
4755,N10470,2
4756,N62477,2
4757,N56710,2
4758,N34396,2
4759,N12552,2
4760,N44256,2
4761,N43081,2
4762,N8756,2
4763,N49021,2
4764,N10944,2
4765,N61143,2
4766,N7393,2
4767,N724,2
4768,N4049,2
4769,N63007,2
4770,N5103,2
4771,N23876,2
4772,N6373,2
4773,N35236,2
4774,N61450,2
4775,N22592,2
4776,N11746,2
4777,N56463,2
4778,N39247,2
4779,N29048,2
4780,N3586,2
4781,N64670,2
4782,N3461,2
4783,N571,2
4784,N29424,2
4785,N50256,2
4786,N9836,2
4787,N15977,2
4788,N13612,2
4789,N2846,2
4790,N49447,2
4791,N4731,2
4792,N58893,2
4793,N16772,2
4794,N48106,2
4795,N62485,2
4796,N11179,2
4797,N14517,2
4798,N50254,2
4799,N5340,2
4800,N15007,2
4801,N636,2
4802,N3089,2
4803,N46590,2
4804,N24716,2
4805,N10799,2
4806,N19212,2
4807,N36836,2
4808,N64040,2
4809,N57420,2
4810,N33813,2
4811,N50068,2
4812,N28684,2
4813,N17083,2
4814,N39567,2
4815,N39001,2
4816,N55417,2
4817,N21371,2
4818,N18203,2
4819,N26965,2
4820,N47983,2
4821,N18850,2
4822,N59905,2
4823,N31000,2
4824,N37216,2
4825,N42279,2
4826,N18996,2
4827,N43090,2
4828,N64778,2
4829,N27205,2
4830,N56246,2
4831,N8128,2
4832,N43941,2
4833,N9500,2
4834,N48146,2
4835,N41464,2
4836,N21630,2
4837,N31477,2
4838,N52449,2
4839,N25667,2
4840,N47236,2
4841,N25380,2
4842,N7481,2
4843,N35891,2
4844,N19489,2
4845,N23356,2
4846,N64979,2
4847,N64646,2
4848,N18010,2
4849,N10282,2
4850,N42103,2
4851,N8335,2
4852,N50104,2
4853,N38606,2
4854,N61204,2
4855,N50425,2
4856,N44932,2
4857,N44486,2
4858,N47195,2
4859,N15856,2
4860,N54960,1
4861,N8539,1
4862,N12191,1
4863,N7701,1
4864,N54729,1
4865,N34239,1
4866,N39760,1
4867,N59622,1
4868,N15217,1
4869,N48919,1
4870,N34540,1
4871,N22933,1
4872,N30645,1
4873,N50587,1
4874,N45816,1
4875,N39268,1
4876,N5509,1
4877,N41090,1
4878,N20841,1
4879,N30373,1
4880,N15090,1
4881,N57219,1
4882,N1556,1
4883,N10929,1
4884,N3040,1
4885,N23481,1
4886,N8003,1
4887,N45095,1
4888,N43877,1
4889,N58838,1
4890,N39466,1
4891,N33408,1
4892,N28201,1
4893,N18144,1
4894,N23003,1
4895,N39204,1
4896,N35476,1
4897,N16999,1
4898,N2884,1
4899,N33795,1
4900,N9675,1
4901,N7333,1
4902,N15652,1
4903,N39532,1
4904,N35213,1
4905,N48269,1
4906,N5152,1
4907,N12586,1
4908,N12079,1
4909,N17633,1
4910,N48538,1
4911,N53504,1
4912,N38848,1
4913,N3853,1
4914,N42710,1
4915,N36429,1
4916,N47215,1
4917,N43447,1
4918,N31389,1
4919,N17312,1
4920,N21127,1
4921,N38381,1
4922,N35032,1
4923,N24712,1
4924,N55252,1
4925,N32158,1
4926,N28919,1
4927,N95,1
4928,N63087,1
4929,N59663,1
4930,N54471,1
4931,N37612,1
4932,N35136,1
4933,N28845,1
4934,N61560,1
4935,N36149,1
4936,N10511,1
4937,N22786,1
4938,N25348,1
4939,N60336,1
4940,N11758,1
4941,N7040,1
4942,N20418,1
4943,N5615,1
4944,N2636,1
4945,N30989,1
4946,N53103,1
4947,N38221,1
4948,N34538,1
4949,N58778,1
4950,N47995,1
4951,N4552,1
4952,N62779,1
4953,N19938,1
4954,N55786,1
4955,N38620,1
4956,N33415,1
4957,N3117,1
4958,N4637,1
4959,N20479,1
4960,N24354,1
4961,N61725,1
4962,N39480,1
4963,N7296,1
4964,N30053,1
4965,N8494,1
4966,N26954,1
4967,N21095,1
4968,N62245,1
4969,N52389,1
4970,N14257,1
4971,N56027,1
4972,N43985,1
4973,N28377,1
4974,N57229,1
4975,N28829,1
4976,N41610,1
4977,N54725,1
4978,N45623,1
4979,N26365,1
4980,N56090,1
4981,N10828,1
4982,N60610,1
4983,N18118,1
4984,N15361,1
4985,N35306,1
4986,N10234,1
4987,N12345,1
4988,N37687,1
4989,N20439,1
4990,N8577,1
4991,N56603,1
4992,N12544,1
4993,N351,1
4994,N15353,1
4995,N44508,1
4996,N55115,1
4997,N44257,1
4998,N6206,1
4999,N49372,1
5000,N6432,1
5001,N4954,1
5002,N21318,1
5003,N26631,1
5004,N17475,1
5005,N52743,1
5006,N5235,1
5007,N37738,1
5008,N20851,1
5009,N34816,1
5010,N36200,1
5011,N26247,1
5012,N8902,1
5013,N49819,1
5014,N56548,1
5015,N39878,1
5016,N45960,1
5017,N28233,1
5018,N6129,1
5019,N47857,1
5020,N56311,1
5021,N20162,1
5022,N20372,1
5023,N12954,1
5024,N59786,1
5025,N43397,1
5026,N26518,1
5027,N37592,1
5028,N52421,1
5029,N20477,1
5030,N7817,1
5031,N46676,1
5032,N12254,1
5033,N8420,1
5034,N8987,1
5035,N54368,1
5036,N61051,1
5037,N18111,1
5038,N6812,1
5039,N32405,1
5040,N57554,1
5041,N34306,1
5042,N14261,1
5043,N48484,1
5044,N54553,1
5045,N35722,1
5046,N19850,1
5047,N2885,1
5048,N33043,1
5049,N49735,1
5050,N29156,1
5051,N39199,1
5052,N29296,1
5053,N24268,1
5054,N53873,1
5055,N39174,1
5056,N17073,1
5057,N26476,1
5058,N54692,1
5059,N28820,1
5060,N38289,1
5061,N50862,1
5062,N17859,1
5063,N39998,1
5064,N38682,1
5065,N53291,1
5066,N33323,1
5067,N45738,1
5068,N47588,1
5069,N7094,1
5070,N20753,1
5071,N33088,1
5072,N54603,1
5073,N60058,1
5074,N20860,1
5075,N40194,1
5076,N38793,1
5077,N56769,1
5078,N43790,1
5079,N52849,1
5080,N42950,1
5081,N3498,1
5082,N53180,1
5083,N52469,1
5084,N36465,1
5085,N13702,1
5086,N37445,1
5087,N11486,1
5088,N45983,1
5089,N17620,1
5090,N2752,1
5091,N23144,1
5092,N10146,1
5093,N10459,1
5094,N36777,1
5095,N58490,1
5096,N30433,1
5097,N64484,1
5098,N60658,1
5099,N36733,1
5100,N41228,1
5101,N23568,1
5102,N56371,1
5103,N23274,1
5104,N49058,1
5105,N27494,1
5106,N2715,1
5107,N57740,1
5108,N20415,1
5109,N10317,1
5110,N21450,1
5111,N54107,1
5112,N42761,1
5113,N8736,1
5114,N33229,1
5115,N39215,1
5116,N51567,1
5117,N2393,1
5118,N7404,1
5119,N57556,1
5120,N41041,1
5121,N3342,1
5122,N20885,1
5123,N8367,1
5124,N27338,1
5125,N63084,1
5126,N34765,1
5127,N35608,1
5128,N46185,1
5129,N2670,1
5130,N22927,1
5131,N47967,1
5132,N34117,1
5133,N45905,1
5134,N4694,1
5135,N4744,1
5136,N43390,1
5137,N49919,1
5138,N37806,1
5139,N23422,1
5140,N42462,1
5141,N57381,1
5142,N20901,1
5143,N8158,1
5144,N4337,1
5145,N54976,1
5146,N59530,1
5147,N59601,1
5148,N48834,1
5149,N900,1
5150,N5036,1
5151,N57104,1
5152,N9217,1
5153,N19061,1
5154,N46248,1
5155,N23973,1
5156,N26855,1
5157,N49376,1
5158,N48421,1
5159,N37919,1
5160,N31515,1
5161,N15785,1
5162,N64431,1
5163,N41362,1
5164,N32667,1
5165,N60034,1
5166,N60613,1
5167,N10996,1
5168,N32516,1
5169,N21444,1
5170,N36525,1
5171,N43145,1
5172,N35799,1
5173,N9805,1
5174,N50062,1
5175,N65076,1
5176,N12343,1
5177,N38157,1
5178,N19329,1
5179,N56368,1
5180,N40817,1
5181,N34959,1
5182,N12324,1
5183,N10381,1
5184,N39615,1
5185,N726,1
5186,N64379,1
5187,N21365,1
5188,N810,1
5189,N56448,1
5190,N23032,1
5191,N60450,1
5192,N62689,1
5193,N36569,1
5194,N53620,1
5195,N14768,1
5196,N19833,1
5197,N11006,1
5198,N41485,1
5199,N38012,1
5200,N41795,1
5201,N3256,1
5202,N43621,1
5203,N20674,1
5204,N916,1
5205,N2397,1
5206,N59490,1
5207,N51946,1
5208,N9785,1
5209,N56040,1
5210,N8488,1
5211,N44670,1
5212,N40033,1
5213,N33562,1
5214,N37143,1
5215,N3471,1
5216,N56279,1
5217,N43918,1
5218,N7157,1
5219,N33023,1
5220,N13980,1
5221,N6934,1
5222,N64884,1
5223,N13984,1
5224,N56687,1
5225,N64090,1
5226,N376,1
5227,N29767,1
5228,N57894,1
5229,N46885,1
5230,N6784,1
5231,N34482,1
5232,N61453,1
5233,N26051,1
5234,N26628,1
5235,N50807,1
5236,N44672,1
5237,N53321,1
5238,N49627,1
5239,N58637,1
5240,N51217,1
5241,N28345,1
5242,N6452,1
5243,N63945,1
5244,N64654,1
5245,N64291,1
5246,N46867,1
5247,N19182,1
5248,N32074,1
5249,N18368,1
5250,N59064,1
5251,N57827,1
5252,N7551,1
5253,N27343,1
5254,N63570,1
5255,N6998,1
5256,N61604,1
5257,N58961,1
5258,N899,1
5259,N5576,1
5260,N15989,1
5261,N23384,1
5262,N24353,1
5263,N32721,1
5264,N26117,1
5265,N50701,1
5266,N8208,1
5267,N25944,1
5268,N20496,1
5269,N36589,1
5270,N17893,1
5271,N61922,1
5272,N23374,1
5273,N64306,1
5274,N40991,1
5275,N3780,1
5276,N3497,1
5277,N50451,1
5278,N48309,1
5279,N43629,1
5280,N31767,1
5281,N45224,1
5282,N14513,1
5283,N34001,1
5284,N58593,1
5285,N13628,1
5286,N52635,1
5287,N21569,1
5288,N24077,1
5289,N50201,1
5290,N52832,1
5291,N17473,1
5292,N17858,1
5293,N14320,1
5294,N51135,1
5295,N28811,1
5296,N53983,1
5297,N60598,1
5298,N15355,1
5299,N12842,1
5300,N65196,1
5301,N46304,1
5302,N47713,1
5303,N22311,1
5304,N51623,1
5305,N34420,1
5306,N36807,1
5307,N38304,1
5308,N51500,1
5309,N31506,1
5310,N8785,1
5311,N26596,1
5312,N60771,1
5313,N59782,1
5314,N43940,1
5315,N3063,1
5316,N36692,1
5317,N20037,1
5318,N13406,1
5319,N42360,1
5320,N59785,1
5321,N13077,1
5322,N22111,1
5323,N57328,1
5324,N46556,1
5325,N22582,1
5326,N42751,1
5327,N40515,1
5328,N12746,1
5329,N51966,1
5330,N32263,1
5331,N44769,1
5332,N40258,1
5333,N46213,1
5334,N41671,1
5335,N11122,1
5336,N63483,1
5337,N43708,1
5338,N58751,1
5339,N33963,1
5340,N14532,1
5341,N63564,1
5342,N14491,1
5343,N44493,1
5344,N37130,1
5345,N27209,1
5346,N7261,1
5347,N16635,1
5348,N52185,1
5349,N45287,1
5350,N27481,1
5351,N23296,1
5352,N23348,1
5353,N27047,1
5354,N19480,1
5355,N22847,1
5356,N26010,1
5357,N62219,1
5358,N64526,1
5359,N61213,1
5360,N63058,1
5361,N60813,1
5362,N31022,1
5363,N924,1
5364,N51997,1
5365,N25427,1
5366,N7096,1
5367,N42543,1
5368,N43987,1
5369,N31840,1
5370,N48804,1
5371,N57675,1
5372,N48486,1
5373,N60738,1
5374,N9249,1
5375,N3221,1
5376,N428,1
5377,N33577,1
5378,N5265,1
5379,N57851,1
5380,N1600,1
5381,N56140,1
5382,N15834,1
5383,N11988,1
5384,N19987,1
5385,N61353,1
5386,N27362,1
5387,N60166,1
5388,N63178,1
5389,N39047,1
5390,N10599,1
5391,N41052,1
5392,N2007,1
5393,N60236,1
5394,N4095,1
5395,N36724,1
5396,N16993,1
5397,N48236,1
5398,N56133,1
5399,N36504,1
5400,N47917,1
5401,N57544,1
5402,N28370,1
5403,N5020,1
5404,N24372,1
5405,N52507,1
5406,N53010,1
5407,N49514,1
5408,N56222,1
5409,N42223,1
5410,N50629,1
5411,N37175,1
5412,N37837,1
5413,N49559,1
5414,N15940,1
5415,N41400,1
5416,N54527,1
5417,N41266,1
5418,N23447,1
5419,N63832,1
5420,N50657,1
5421,N24848,1
5422,N13099,1
5423,N62883,1
5424,N59529,1
5425,N23801,1
5426,N34609,1
5427,N44983,1
5428,N37595,1
5429,N38582,1
5430,N52582,1
5431,N28483,1
5432,N17010,1
5433,N25983,1
5434,N30658,1
5435,N47007,1
5436,N44678,1
5437,N37098,1
5438,N59755,1
5439,N39643,1
5440,N52980,1
5441,N60888,1
5442,N29141,1
5443,N51115,1
5444,N27955,1
5445,N30670,1
5446,N18202,1
5447,N55302,1
5448,N23596,1
5449,N28214,1
5450,N47425,1
5451,N667,1
5452,N8449,1
5453,N25046,1
5454,N8933,1
5455,N19951,1
5456,N32205,1
5457,N58369,1
5458,N29568,1
5459,N15054,1
5460,N56032,1
5461,N41372,1
5462,N30481,1
5463,N26001,1
5464,N9835,1
5465,N1364,1
5466,N63450,1
5467,N27180,1
5468,N26915,1
5469,N20257,1
5470,N54531,1
5471,N10171,1
5472,N12181,1
5473,N7548,1
5474,N13723,1
5475,N17681,1
5476,N62818,1
5477,N35187,1
5478,N47424,1
5479,N12152,1
5480,N54890,1
5481,N12577,1
5482,N27760,1
5483,N20604,1
5484,N25081,1
5485,N38386,1
5486,N23701,1
5487,N33540,1
5488,N6861,1
5489,N46179,1
5490,N20976,1
5491,N53839,1
5492,N51415,1
5493,N26251,1
5494,N42862,1
5495,N44870,1
5496,N21251,1
5497,N52820,1
5498,N20173,1
5499,N3252,1
5500,N15509,1
5501,N45739,1
5502,N32821,1
5503,N60224,1
5504,N23686,1
5505,N64345,1
5506,N13834,1
5507,N21126,1
5508,N43926,1
5509,N40655,1
5510,N13922,1
5511,N11664,1
5512,N59550,1
5513,N56820,1
5514,N38509,1
5515,N59633,1
5516,N18554,1
5517,N29486,1
5518,N31965,1
5519,N3807,1
5520,N56868,1
5521,N61255,1
5522,N45346,1
5523,N19345,1
5524,N15690,1
5525,N3216,1
5526,N44443,1
5527,N51568,1
5528,N15593,1
5529,N29167,1
5530,N37234,1
5531,N33870,1
5532,N62260,1
5533,N59140,1
5534,N9566,1
5535,N49106,1
5536,N189,1
5537,N40162,1
5538,N28340,1
5539,N22009,1
5540,N51793,1
5541,N53532,1
5542,N53038,1
5543,N6642,1
5544,N52609,1
5545,N45425,1
5546,N30069,1
5547,N37112,1
5548,N55304,1
5549,N44988,1
5550,N13034,1
5551,N1119,1
5552,N34988,1
5553,N39738,1
5554,N39008,1
5555,N58967,1
5556,N58426,1
5557,N48187,1
5558,N34278,1
5559,N24988,1
5560,N43330,1
5561,N61387,1
5562,N27883,1
5563,N27767,1
5564,N37551,1
5565,N56494,1
5566,N26155,1
5567,N10051,1
5568,N34978,1
5569,N64689,1
5570,N55994,1
5571,N15193,1
5572,N33303,1
5573,N19091,1
5574,N9929,1
5575,N59645,1
5576,N25664,1
5577,N49554,1
5578,N11433,1
5579,N37651,1
5580,N55947,1
5581,N31217,1
5582,N27462,1
5583,N62906,1
5584,N62462,1
5585,N36452,1
5586,N23486,1
5587,N48700,1
5588,N44208,1
5589,N52045,1
5590,N50757,1
5591,N61853,1
5592,N14862,1
5593,N64409,1
5594,N29168,1
5595,N37111,1
5596,N29647,1
5597,N39970,1
5598,N62749,1
5599,N60975,1
5600,N25127,1
5601,N48378,1
5602,N33208,1
5603,N32011,1
5604,N31294,1
5605,N62872,1
5606,N23947,1
5607,N3693,1
5608,N1923,1
5609,N50215,1
5610,N12174,1
5611,N54895,1
5612,N56936,1
5613,N29192,1
5614,N20529,1
5615,N47861,1
5616,N19885,1
5617,N13887,1
5618,N3944,1
5619,N37971,1
5620,N340,1
5621,N1518,1
5622,N9297,1
5623,N20410,1
5624,N57628,1
5625,N17719,1
5626,N22890,1
5627,N50541,1
5628,N2005,1
5629,N64938,1
5630,N36740,1
5631,N31997,1
5632,N27993,1
5633,N21879,1
5634,N8988,1
5635,N42970,1
5636,N57629,1
5637,N63821,1
5638,N47870,1
5639,N30744,1
5640,N42849,1
5641,N40384,1
5642,N35275,1
5643,N29786,1
5644,N60270,1
5645,N50682,1
5646,N17836,1
5647,N9950,1
5648,N48425,1
5649,N41104,1
5650,N10869,1
5651,N61999,1
5652,N35152,1
5653,N52007,1
5654,N49176,1
5655,N1302,1
5656,N15534,1
5657,N5987,1
5658,N41255,1
5659,N55295,1
5660,N47910,1
5661,N34870,1
5662,N63011,1
5663,N9862,1
5664,N47867,1
5665,N26838,1
5666,N14496,1
5667,N47677,1
5668,N16692,1
5669,N9502,1
5670,N55052,1
5671,N58802,1
5672,N2560,1
5673,N34045,1
5674,N38427,1
5675,N6210,1
5676,N33274,1
5677,N3846,1
5678,N54571,1
5679,N17819,1
5680,N51183,1
5681,N48376,1
5682,N37350,1
5683,N46164,1
5684,N101,1
5685,N60292,1
5686,N43819,1
5687,N45975,1
5688,N15225,1
5689,N29538,1
5690,N15,1
5691,N55591,1
5692,N31552,1
5693,N48672,1
5694,N40435,1
5695,N40424,1
5696,N21403,1
5697,N19550,1
5698,N24284,1
5699,N17120,1
5700,N34235,1
5701,N46545,1
5702,N55243,1
5703,N25618,1
5704,N8745,1
5705,N21522,1
5706,N32706,1
5707,N43531,1
5708,N29002,1
5709,N48647,1
5710,N43053,1
5711,N47642,1
5712,N37531,1
5713,N8155,1
5714,N40043,1
5715,N62647,1
5716,N51629,1
5717,N50797,1
5718,N50754,1
5719,N2676,1
5720,N48590,1
5721,N4841,1
5722,N8701,1
5723,N39837,1
5724,N20409,1
5725,N55236,1
5726,N42372,1
5727,N3628,1
5728,N51540,1
5729,N37682,1
5730,N138,1
5731,N13990,1
5732,N615,1
5733,N40544,1
5734,N59574,1
5735,N38750,1
5736,N57672,1
5737,N25674,1
5738,N15898,1
5739,N20962,1
5740,N12428,1
5741,N53799,1
5742,N46098,1
5743,N49063,1
5744,N45096,1
5745,N14152,1
5746,N5337,1
5747,N28600,1
5748,N19511,1
5749,N23621,1
5750,N64829,1
5751,N18251,1
5752,N16395,1
5753,N42815,1
5754,N20432,1
5755,N50719,1
5756,N25716,1
5757,N20577,1
5758,N35918,1
5759,N42348,1
5760,N2766,1
5761,N35951,1
5762,N59482,1
5763,N40914,1
5764,N34614,1
5765,N49489,1
5766,N35090,1
5767,N45901,1
5768,N12085,1
5769,N29190,1
5770,N38193,1
5771,N33453,1
5772,N25959,1
5773,N1293,1
5774,N6316,1
5775,N59544,1
5776,N2747,1
5777,N22506,1
5778,N22984,1
5779,N11658,1
5780,N60226,1
5781,N64462,1
5782,N22955,1
5783,N29640,1
5784,N16547,1
5785,N38628,1
5786,N33624,1
5787,N13407,1
5788,N226,1
5789,N35320,1
5790,N31372,1
5791,N33025,1
5792,N59025,1
5793,N10510,1
5794,N52291,1
5795,N35612,1
5796,N2033,1
5797,N13036,1
5798,N57235,1
5799,N730,1
5800,N23870,1
5801,N29405,1
5802,N3633,1
5803,N57423,1
5804,N62593,1
5805,N6565,1
5806,N22301,1
5807,N26266,1
5808,N41673,1
5809,N25159,1
5810,N51159,1
5811,N65119,1
5812,N50761,1
5813,N63578,1
5814,N10089,1
5815,N5050,1
5816,N51473,1
5817,N949,1
5818,N9062,1
5819,N60984,1
5820,N52447,1
5821,N112,1
5822,N50152,1
5823,N10215,1
5824,N12257,1
5825,N9401,1
5826,N15882,1
5827,N33730,1
5828,N44979,1
5829,N64194,1
5830,N49814,1
5831,N22565,1
5832,N37575,1
5833,N41073,1
5834,N56832,1
5835,N54648,1
5836,N65209,1
5837,N37967,1
5838,N60513,1
5839,N25167,1
5840,N25149,1
5841,N64242,1
5842,N31436,1
5843,N34203,1
5844,N17924,1
5845,N44865,1
5846,N48778,1
5847,N40862,1
5848,N22949,1
5849,N28263,1
5850,N11182,1
5851,N1451,1
5852,N9776,1
5853,N5463,1
5854,N28699,1
5855,N31371,1
5856,N19200,1
5857,N50408,1
5858,N5372,1
5859,N58348,1
5860,N1856,1
5861,N25777,1
5862,N51699,1
5863,N43442,1
5864,N57586,1
5865,N23011,1
5866,N58122,1
5867,N24571,1
5868,N63426,1
5869,N55957,1
5870,N60277,1
5871,N16903,1
5872,N60574,1
5873,N5053,1
5874,N16247,1
5875,N19350,1
5876,N51417,1
5877,N30374,1
5878,N14268,1
5879,N28652,1
5880,N20563,1
5881,N14962,1
5882,N56532,1
5883,N27478,1
5884,N43312,1
5885,N27058,1
5886,N13019,1
5887,N44223,1
5888,N31489,1
5889,N63659,1
5890,N59586,1
5891,N21034,1
5892,N47392,1
5893,N51013,1
5894,N30132,1
5895,N9442,1
5896,N60368,1
5897,N35428,1
5898,N4210,1
5899,N62389,1
5900,N12997,1
5901,N28676,1
5902,N18407,1
5903,N62228,1
5904,N4105,1
5905,N56929,1
5906,N12641,1
5907,N25112,1
5908,N38718,1
5909,N30411,1
5910,N57717,1
5911,N18148,1
5912,N1138,1
5913,N39177,1
5914,N61573,1
5915,N32869,1
5916,N18561,1
5917,N15665,1
5918,N63553,1
5919,N63896,1
5920,N21617,1
5921,N58020,1
5922,N10070,1
5923,N2325,1
5924,N13969,1
5925,N34097,1
5926,N30019,1
5927,N60178,1
5928,N27595,1
5929,N64953,1
5930,N42589,1
5931,N62253,1
5932,N43909,1
5933,N48971,1
5934,N54693,1
5935,N6503,1
5936,N29228,1
5937,N31856,1
5938,N6865,1
5939,N39815,1
5940,N47644,1
5941,N5703,1
5942,N54173,1
5943,N27976,1
5944,N36371,1
5945,N51529,1
5946,N13731,1
5947,N64726,1
5948,N53478,1
5949,N62364,1
5950,N2125,1
5951,N42579,1
5952,N56420,1
5953,N12520,1
5954,N8640,1
5955,N1750,1
5956,N48059,1
5957,N26524,1
5958,N60411,1
5959,N20874,1
5960,N9989,1
5961,N63531,1
5962,N13519,1
5963,N64703,1
5964,N47303,1
5965,N19176,1
5966,N15843,1
5967,N28136,1
5968,N26783,1
5969,N4414,1
5970,N19600,1
5971,N8514,1
5972,N30798,1
5973,N7864,1
5974,N21324,1
5975,N21458,1
5976,N24386,1
5977,N30627,1
5978,N36509,1
5979,N18660,1
5980,N33490,1
5981,N18401,1
5982,N1705,1
5983,N63892,1
5984,N49684,1
5985,N55640,1
5986,N52945,1
5987,N35945,1
5988,N30742,1
5989,N30707,1
5990,N3094,1
5991,N29054,1
5992,N14683,1
5993,N35106,1
5994,N3783,1
5995,N33804,1
5996,N48238,1
5997,N46747,1
5998,N61632,1
5999,N20985,1
6000,N44734,1
6001,N51803,1
6002,N43223,1
6003,N32340,1
6004,N40056,1
6005,N14664,1
6006,N31018,1
6007,N20686,1
6008,N21106,1
6009,N56784,1
6010,N6947,1
6011,N44347,1
6012,N14032,1
6013,N29770,1
6014,N52024,1
6015,N46331,1
6016,N60737,1
6017,N49075,1
6018,N36110,1
6019,N60852,1
6020,N57258,1
6021,N31154,1
6022,N42676,1
6023,N5409,1
6024,N24882,1
6025,N36405,1
6026,N12017,1
6027,N33965,1
6028,N58314,1
6029,N41559,1
6030,N65090,1
6031,N20258,1
6032,N44571,1
6033,N43064,1
6034,N47357,1
6035,N48791,1
6036,N20521,1
6037,N61442,1
6038,N33388,1
6039,N58414,1
6040,N59079,1
6041,N48280,1
6042,N33397,1
6043,N8470,1
6044,N11170,1
6045,N20469,1
6046,N58861,1
6047,N13328,1
6048,N2965,1
6049,N61898,1
6050,N29241,1
6051,N47759,1
6052,N59728,1
6053,N11253,1
6054,N30976,1
6055,N33768,1
6056,N43117,1
6057,N10532,1
6058,N61176,1
6059,N37862,1
6060,N49297,1
6061,N16905,1
6062,N26232,1
6063,N34950,1
6064,N8107,1
6065,N32849,1
6066,N47850,1
6067,N34354,1
6068,N46012,1
6069,N7568,1
6070,N5784,1
6071,N14119,1
6072,N8299,1
6073,N16171,1
6074,N55447,1
6075,N37712,1
6076,N56320,1
6077,N23055,1
6078,N50515,1
6079,N25651,1
6080,N11376,1
6081,N23665,1
6082,N37020,1
6083,N3369,1
6084,N45267,1
6085,N3037,1
6086,N37213,1
6087,N49621,1
6088,N25854,1
6089,N53844,1
6090,N670,1
6091,N41468,1
6092,N12595,1
6093,N421,1
6094,N51414,1
6095,N61791,1
6096,N33184,1
6097,N36207,1
6098,N62107,1
6099,N45820,1
6100,N59659,1
6101,N17563,1
6102,N47585,1
6103,N14836,1
6104,N51579,1
6105,N49678,1
6106,N23585,1
6107,N61722,1
6108,N64364,1
6109,N722,1
6110,N61189,1
6111,N24575,1
6112,N49799,1
6113,N36793,1
6114,N55993,1
6115,N46362,1
6116,N57260,1
6117,N413,1
6118,N33377,1
6119,N34225,1
6120,N37342,1
6121,N36192,1
6122,N42626,1
6123,N36021,1
6124,N37746,1
6125,N63424,1
6126,N41269,1
6127,N20333,1
6128,N22116,1
6129,N58663,1
6130,N13392,1
6131,N46617,1
6132,N61744,1
6133,N14641,1
6134,N31108,1
6135,N50603,1
6136,N47846,1
6137,N13570,1
6138,N22814,1
6139,N34053,1
6140,N34297,1
6141,N19727,1
6142,N3318,1
6143,N60097,1
6144,N58831,1
6145,N60897,1
6146,N3588,1
6147,N31680,1
6148,N11103,1
6149,N56890,1
6150,N31516,1
6151,N17627,1
6152,N19004,1
6153,N1376,1
6154,N61202,1
6155,N40500,1
6156,N19053,1
6157,N12701,1
6158,N13591,1
6159,N38385,1
6160,N35593,1
6161,N15404,1
6162,N61878,1
6163,N15008,1
6164,N34818,1
6165,N53715,1
6166,N29935,1
6167,N10323,1
6168,N34046,1
6169,N55788,1
6170,N30892,1
6171,N13822,1
6172,N63455,1
6173,N29990,1
6174,N2572,1
6175,N29124,1
6176,N33488,1
6177,N12778,1
6178,N2421,1
6179,N37355,1
6180,N240,1
6181,N382,1
6182,N1329,1
6183,N35973,1
6184,N56464,1
6185,N49553,1
6186,N64212,1
6187,N44031,1
6188,N22794,1
6189,N13553,1
6190,N63368,1
6191,N44958,1
6192,N63862,1
6193,N30644,1
6194,N44728,1
6195,N19270,1
6196,N60288,1
6197,N44446,1
6198,N11606,1
6199,N43150,1
6200,N43409,1
6201,N23039,1
6202,N58791,1
6203,N10806,1
6204,N37861,1
6205,N44465,1
6206,N46373,1
6207,N6932,1
6208,N12371,1
6209,N16000,1
6210,N42666,1
6211,N37198,1
6212,N37061,1
6213,N57105,1
6214,N14831,1
6215,N24554,1
6216,N3095,1
6217,N63268,1
6218,N50089,1
6219,N33674,1
6220,N31941,1
6221,N19279,1
6222,N4170,1
6223,N63629,1
6224,N16331,1
6225,N45923,1
6226,N1230,1
6227,N48627,1
6228,N10536,1
6229,N53335,1
6230,N12977,1
6231,N33728,1
6232,N52387,1
6233,N443,1
6234,N8085,1
6235,N13577,1
6236,N9866,1
6237,N42990,1
6238,N49046,1
6239,N63630,1
6240,N46051,1
6241,N32338,1
6242,N61638,1
6243,N49488,1
6244,N45891,1
6245,N57216,1
6246,N11799,1
6247,N62645,1
6248,N7897,1
6249,N8138,1
6250,N38639,1
6251,N49740,1
6252,N61362,1
6253,N54072,1
6254,N57590,1
6255,N45149,1
6256,N48069,1
6257,N26154,1
6258,N27670,1
6259,N22601,1
6260,N3049,1
6261,N5134,1
6262,N17696,1
6263,N55641,1
6264,N29921,1
6265,N41614,1
6266,N55671,1
6267,N16161,1
6268,N11610,1
6269,N63302,1
6270,N8974,1
6271,N6105,1
6272,N17693,1
6273,N21689,1
6274,N16505,1
6275,N8482,1
6276,N57724,1
6277,N3367,1
6278,N39988,1
6279,N26111,1
6280,N45916,1
6281,N2035,1
6282,N57274,1
6283,N46900,1
6284,N64731,1
6285,N29855,1
6286,N21857,1
6287,N25524,1
6288,N5939,1
6289,N22144,1
6290,N42696,1
6291,N44722,1
6292,N54331,1
6293,N32504,1
6294,N29237,1
6295,N24888,1
6296,N4092,1
6297,N62434,1
6298,N54132,1
6299,N23409,1
6300,N54667,1
6301,N28509,1
6302,N46038,1
6303,N28254,1
6304,N51772,1
6305,N36784,1
6306,N55096,1
6307,N33450,1
6308,N49119,1
6309,N39787,1
6310,N36588,1
6311,N29383,1
6312,N60865,1
6313,N33634,1
6314,N19060,1
6315,N25793,1
6316,N22360,1
6317,N20615,1
6318,N38673,1
6319,N23544,1
6320,N9681,1
6321,N41231,1
6322,N46016,1
6323,N20082,1
6324,N10224,1
6325,N48265,1
6326,N2041,1
6327,N1953,1
6328,N13053,1
6329,N41008,1
6330,N52274,1
6331,N8425,1
6332,N59522,1
6333,N15505,1
6334,N28389,1
6335,N12725,1
6336,N7938,1
6337,N55230,1
6338,N28232,1
6339,N43567,1
6340,N27627,1
6341,N38358,1
6342,N6822,1
6343,N19153,1
6344,N18799,1
6345,N49940,1
6346,N38123,1
6347,N57084,1
6348,N48934,1
6349,N4943,1
6350,N60748,1
6351,N24805,1
6352,N60736,1
6353,N40646,1
6354,N38887,1
6355,N53322,1
6356,N3572,1
6357,N17926,1
6358,N18623,1
6359,N22373,1
6360,N53962,1
6361,N60458,1
6362,N31833,1
6363,N51405,1
6364,N37096,1
6365,N22862,1
6366,N52806,1
6367,N41039,1
6368,N16561,1
6369,N18767,1
6370,N36001,1
6371,N6617,1
6372,N634,1
6373,N22640,1
6374,N1387,1
6375,N36774,1
6376,N60770,1
6377,N47884,1
6378,N34184,1
6379,N36090,1
6380,N20242,1
6381,N51863,1
6382,N13960,1
6383,N46883,1
6384,N25334,1
6385,N42799,1
6386,N25988,1
6387,N52118,1
6388,N15962,1
6389,N3568,1
6390,N14537,1
6391,N47199,1
6392,N42918,1
6393,N56815,1
6394,N19310,1
6395,N43468,1
6396,N21672,1
6397,N1177,1
6398,N21400,1
6399,N63737,1
6400,N43020,1
6401,N7892,1
6402,N5116,1
6403,N13933,1
6404,N59917,1
6405,N28270,1
6406,N45058,1
6407,N29448,1
6408,N48114,1
6409,N14783,1
6410,N20993,1
6411,N9126,1
6412,N47476,1
6413,N57813,1
6414,N4143,1
6415,N52596,1
6416,N43172,1
6417,N18625,1
6418,N34910,1
6419,N37577,1
6420,N982,1
6421,N16594,1
6422,N58824,1
6423,N63977,1
6424,N42540,1
6425,N51035,1
6426,N4048,1
6427,N59302,1
6428,N41348,1
6429,N27221,1
6430,N62054,1
6431,N24552,1
6432,N54394,1
6433,N63660,1
6434,N17020,1
6435,N25102,1
6436,N57145,1
6437,N54414,1
6438,N9505,1
6439,N8993,1
6440,N19291,1
6441,N56136,1
6442,N48084,1
6443,N18538,1
6444,N12124,1
6445,N22197,1
6446,N20843,1
6447,N17648,1
6448,N987,1
6449,N57976,1
6450,N55398,1
6451,N28782,1
6452,N30042,1
6453,N15875,1
6454,N35109,1
6455,N14430,1
6456,N22900,1
6457,N17670,1
6458,N49139,1
6459,N57240,1
6460,N29668,1
6461,N22287,1
6462,N52327,1
6463,N25385,1
6464,N24097,1
6465,N4503,1
6466,N31602,1
6467,N55969,1
6468,N59708,1
6469,N58546,1
6470,N2967,1
6471,N21067,1
6472,N10067,1
6473,N17575,1
6474,N7682,1
6475,N40784,1
6476,N61993,1
6477,N1684,1
6478,N50223,1
6479,N62029,1
6480,N50281,1
6481,N34474,1
6482,N22512,1
6483,N17006,1
6484,N55915,1
6485,N16042,1
6486,N50508,1
6487,N27129,1
6488,N39590,1
6489,N10808,1
6490,N46833,1
6491,N2602,1
6492,N33930,1
6493,N13556,1
6494,N43054,1
6495,N36259,1
6496,N49036,1
6497,N4212,1
6498,N28291,1
6499,N17035,1
6500,N35312,1
6501,N8996,1
6502,N13378,1
6503,N12213,1
6504,N30084,1
6505,N3695,1
6506,N10613,1
6507,N21945,1
6508,N2994,1
6509,N39449,1
6510,N50012,1
6511,N39123,1
6512,N44351,1
6513,N53864,1
6514,N11909,1
6515,N10741,1
6516,N61437,1
6517,N18636,1
6518,N61953,1
6519,N24347,1
6520,N49521,1
6521,N21548,1
6522,N13565,1
6523,N61973,1
6524,N8918,1
6525,N32527,1
6526,N27717,1
6527,N7675,1
6528,N27297,1
6529,N37230,1
6530,N22539,1
6531,N63572,1
6532,N56095,1
6533,N45887,1
6534,N59771,1
6535,N41480,1
6536,N31755,1
6537,N44872,1
6538,N35138,1
6539,N13903,1
6540,N59317,1
6541,N33228,1
6542,N59750,1
6543,N26089,1
6544,N63887,1
6545,N1437,1
6546,N31955,1
6547,N22497,1
6548,N9125,1
6549,N14043,1
6550,N2988,1
6551,N4385,1
6552,N64323,1
6553,N14416,1
6554,N53411,1
6555,N48153,1
6556,N7656,1
6557,N26943,1
6558,N62406,1
6559,N22488,1
6560,N15827,1
6561,N48100,1
6562,N55818,1
6563,N64691,1
6564,N53377,1
6565,N16201,1
6566,N54771,1
6567,N11211,1
6568,N55594,1
6569,N56884,1
6570,N24265,1
6571,N22395,1
6572,N50136,1
6573,N40345,1
6574,N875,1
6575,N5689,1
6576,N62925,1
6577,N30749,1
6578,N60151,1
6579,N39585,1
6580,N41350,1
6581,N64069,1
6582,N37036,1
6583,N16697,1
6584,N8219,1
6585,N49583,1
6586,N49274,1
6587,N51488,1
6588,N59428,1
6589,N27590,1
6590,N39091,1
6591,N50148,1
6592,N40147,1
6593,N20049,1
6594,N54411,1
6595,N48533,1
6596,N20166,1
6597,N58722,1
6598,N12054,1
6599,N29461,1
6600,N18136,1
6601,N6030,1
6602,N51711,1
6603,N56091,1
6604,N60681,1
6605,N55212,1
6606,N15982,1
6607,N26482,1
6608,N63025,1
6609,N14077,1
6610,N36323,1
6611,N48818,1
6612,N16902,1
6613,N11796,1
6614,N64615,1
6615,N45107,1
6616,N50409,1
6617,N48623,1
6618,N57206,1
6619,N28075,1
6620,N14158,1
6621,N33190,1
6622,N35011,1
6623,N27036,1
6624,N19356,1
6625,N21388,1
6626,N56036,1
6627,N22434,1
6628,N24801,1
6629,N54994,1
6630,N7733,1
6631,N53976,1
6632,N10085,1
6633,N41621,1
6634,N9872,1
6635,N54332,1
6636,N41551,1
6637,N61343,1
6638,N1628,1
6639,N41394,1
6640,N3238,1
6641,N33343,1
6642,N24717,1
6643,N61610,1
6644,N34186,1
6645,N1663,1
6646,N59614,1
6647,N3234,1
6648,N60576,1
6649,N48008,1
6650,N63926,1
6651,N57064,1
6652,N35078,1
6653,N42129,1
6654,N63041,1
6655,N62939,1
6656,N13456,1
6657,N63517,1
6658,N41972,1
6659,N60131,1
6660,N37958,1
6661,N43383,1
6662,N25412,1
6663,N50649,1
6664,N7660,1
6665,N29160,1
6666,N41452,1
6667,N9314,1
6668,N1980,1
6669,N41526,1
6670,N13947,1
6671,N31368,1
6672,N42725,1
6673,N4278,1
6674,N39325,1
6675,N19618,1
6676,N60900,1
6677,N30556,1
6678,N8616,1
6679,N35006,1
6680,N30072,1
6681,N13539,1
6682,N15768,1
6683,N64724,1
6684,N23809,1
6685,N41401,1
6686,N8542,1
6687,N33784,1
6688,N60637,1
6689,N20275,1
6690,N38861,1
6691,N63163,1
6692,N24444,1
6693,N42353,1
6694,N11408,1
6695,N46071,1
6696,N54128,1
6697,N31678,1
6698,N27185,1
6699,N14929,1
6700,N51456,1
6701,N51890,1
6702,N7577,1
6703,N3892,1
6704,N4163,1
6705,N9474,1
6706,N55129,1
6707,N13633,1
6708,N40437,1
6709,N39664,1
6710,N57995,1
6711,N15154,1
6712,N50311,1
6713,N5046,1
6714,N7119,1
6715,N28790,1
6716,N24,1
6717,N30885,1
6718,N1654,1
6719,N31042,1
6720,N41054,1
6721,N1660,1
6722,N10785,1
6723,N45548,1
6724,N43863,1
6725,N39845,1
6726,N12541,1
6727,N4630,1
6728,N1253,1
6729,N9914,1
6730,N31862,1
6731,N47422,1
6732,N7282,1
6733,N5191,1
6734,N19574,1
6735,N46840,1
6736,N54790,1
6737,N53654,1
6738,N56997,1
6739,N19973,1
6740,N10353,1
6741,N8346,1
6742,N47661,1
6743,N28997,1
6744,N37765,1
6745,N48847,1
6746,N43494,1
6747,N14993,1
6748,N11123,1
6749,N7449,1
6750,N51229,1
6751,N36890,1
6752,N45831,1
6753,N44981,1
6754,N14511,1
6755,N53674,1
6756,N59204,1
6757,N35402,1
6758,N16218,1
6759,N41261,1
6760,N17534,1
6761,N10708,1
6762,N23927,1
6763,N46112,1
6764,N10125,1
6765,N38625,1
6766,N790,1
6767,N57833,1
6768,N40011,1
6769,N33718,1
6770,N31662,1
6771,N53748,1
6772,N37637,1
6773,N53090,1
6774,N19082,1
6775,N12120,1
6776,N51447,1
6777,N13455,1
6778,N36497,1
6779,N53721,1
6780,N10845,1
6781,N25919,1
6782,N62552,1
6783,N57634,1
6784,N15346,1
6785,N45890,1
6786,N32614,1
6787,N16256,1
6788,N65053,1
6789,N55357,1
6790,N466,1
6791,N36404,1
6792,N15836,1
6793,N53508,1
6794,N47182,1
6795,N52081,1
6796,N24849,1
6797,N7790,1
6798,N64530,1
6799,N22720,1
6800,N36991,1
6801,N12373,1
6802,N55525,1
6803,N3804,1
6804,N31693,1
6805,N18925,1
6806,N23858,1
6807,N1380,1
6808,N60017,1
6809,N5849,1
6810,N58718,1
6811,N36916,1
6812,N45711,1
6813,N16197,1
6814,N5771,1
6815,N35235,1
6816,N52306,1
6817,N5574,1
6818,N44723,1
6819,N7184,1
6820,N52711,1
6821,N29483,1
6822,N19929,1
6823,N42672,1
6824,N48247,1
6825,N46784,1
6826,N48406,1
6827,N10165,1
6828,N30819,1
6829,N32358,1
6830,N16457,1
6831,N42384,1
6832,N24899,1
6833,N5037,1
6834,N36063,1
6835,N62374,1
6836,N63484,1
6837,N28968,1
6838,N41166,1
6839,N61130,1
6840,N21040,1
6841,N23793,1
6842,N36204,1
6843,N41544,1
6844,N22508,1
6845,N2135,1
6846,N59293,1
6847,N30807,1
6848,N6171,1
6849,N11809,1
6850,N53858,1
6851,N59706,1
6852,N38222,1
6853,N59558,1
6854,N9523,1
6855,N3456,1
6856,N38402,1
6857,N21064,1
6858,N1236,1
6859,N4907,1
6860,N6463,1
6861,N1885,1
6862,N40398,1
6863,N43616,1
6864,N16732,1
6865,N64075,1
6866,N12258,1
6867,N46043,1
6868,N54877,1
6869,N37079,1
6870,N13421,1
6871,N47396,1
6872,N41585,1
6873,N42262,1
6874,N58387,1
6875,N56985,1
6876,N63969,1
6877,N11384,1
6878,N21206,1
6879,N16173,1
6880,N61642,1
6881,N33659,1
6882,N11022,1
6883,N7320,1
6884,N25492,1
6885,N22710,1
6886,N49,1
6887,N20306,1
6888,N27849,1
6889,N30962,1
6890,N42594,1
6891,N52647,1
6892,N1095,1
6893,N59504,1
6894,N32361,1
6895,N28730,1
6896,N55593,1
6897,N20568,1
6898,N1006,1
6899,N17747,1
6900,N63132,1
6901,N42963,1
6902,N55105,1
6903,N59543,1
6904,N7868,1
6905,N16352,1
6906,N17450,1
6907,N10315,1
6908,N17479,1
6909,N52120,1
6910,N36053,1
6911,N20063,1
6912,N18477,1
6913,N62850,1
6914,N24351,1
6915,N33120,1
6916,N19387,1
6917,N16702,1
6918,N65063,1
6919,N38213,1
6920,N44534,1
6921,N25970,1
6922,N26844,1
6923,N16047,1
6924,N31180,1
6925,N46342,1
6926,N23587,1
6927,N29011,1
6928,N14938,1
6929,N9049,1
6930,N35067,1
6931,N56875,1
6932,N3884,1
6933,N4646,1
6934,N56302,1
6935,N33040,1
6936,N57819,1
6937,N22210,1
6938,N23617,1
6939,N62861,1
6940,N3423,1
6941,N16442,1
6942,N8867,1
6943,N49993,1
6944,N25527,1
6945,N19461,1
6946,N13832,1
6947,N9003,1
6948,N44381,1
6949,N20837,1
6950,N2446,1
6951,N34858,1
6952,N43976,1
6953,N62855,1
6954,N42590,1
6955,N16637,1
6956,N8744,1
6957,N60724,1
6958,N6251,1
6959,N63296,1
6960,N62239,1
6961,N57616,1
6962,N31263,1
6963,N26647,1
6964,N4014,1
6965,N43248,1
6966,N55861,1
6967,N30987,1
6968,N64441,1
6969,N39395,1
6970,N4994,1
6971,N63936,1
6972,N6990,1
6973,N6406,1
6974,N26410,1
6975,N45092,1
6976,N47537,1
6977,N53181,1
6978,N18307,1
6979,N40475,1
6980,N55099,1
6981,N58634,1
6982,N10032,1
6983,N34055,1
6984,N10590,1
6985,N7889,1
6986,N36706,1
6987,N9602,1
6988,N53425,1
6989,N25270,1
6990,N24146,1
6991,N62425,1
6992,N13611,1
6993,N62487,1
6994,N52921,1
6995,N55067,1
6996,N15776,1
6997,N8040,1
6998,N18213,1
6999,N58934,1
7000,N49248,1
7001,N28014,1
7002,N48475,1
7003,N2248,1
7004,N6841,1
7005,N4453,1
7006,N35968,1
7007,N4756,1
7008,N53800,1
7009,N36553,1
7010,N24401,1
7011,N2817,1
7012,N48924,1
7013,N65009,1
7014,N38131,1
7015,N36243,1
7016,N58304,1
7017,N1583,1
7018,N40135,1
7019,N18480,1
7020,N2695,1
7021,N27716,1
7022,N23625,1
7023,N42544,1
7024,N25303,1
7025,N7635,1
7026,N55081,1
7027,N35104,1
7028,N11457,1
7029,N21581,1
7030,N39176,1
7031,N50110,1
7032,N39380,1
7033,N53150,1
7034,N47929,1
7035,N32220,1
7036,N6937,1
7037,N11644,1
7038,N7677,1
7039,N54918,1
7040,N14878,1
7041,N51895,1
7042,N26393,1
7043,N38849,1
7044,N4488,1
7045,N41189,1
7046,N57221,1
7047,N31055,1
7048,N50348,1
7049,N32602,1
7050,N13437,1
7051,N22870,1
7052,N42135,1
7053,N31203,1
7054,N28956,1
7055,N58121,1
7056,N38905,1
7057,N19406,1
7058,N4183,1
7059,N33505,1
7060,N59380,1
7061,N29775,1
7062,N6265,1
7063,N57002,1
7064,N9291,1
7065,N57065,1
7066,N15012,1
7067,N59541,1
7068,N9355,1
7069,N21563,1
7070,N38096,1
7071,N23983,1
7072,N5460,1
7073,N50160,1
7074,N42480,1
7075,N31311,1
7076,N26218,1
7077,N11541,1
7078,N29357,1
7079,N12052,1
7080,N14895,1
7081,N5088,1
7082,N50889,1
7083,N17644,1
7084,N63828,1
7085,N58373,1
7086,N63122,1
7087,N59050,1
7088,N294,1
7089,N39181,1
7090,N39753,1
7091,N9471,1
7092,N43103,1
7093,N7186,1
7094,N55016,1
7095,N42587,1
7096,N9408,1
7097,N9883,1
7098,N34241,1
7099,N32133,1
7100,N47475,1
7101,N55740,1
7102,N45991,1
7103,N24707,1
7104,N33099,1
7105,N65073,1
7106,N15105,1
7107,N32155,1
7108,N38196,1
7109,N15170,1
7110,N62998,1
7111,N60558,1
7112,N17424,1
7113,N35679,1
7114,N56721,1
7115,N56041,1
7116,N46592,1
7117,N6319,1
7118,N39958,1
7119,N61392,1
7120,N59951,1
7121,N60414,1
7122,N48836,1
7123,N51233,1
7124,N38616,1
7125,N55522,1
7126,N8941,1
7127,N28974,1
7128,N42875,1
7129,N368,1
7130,N21498,1
7131,N8859,1
7132,N30490,1
7133,N44430,1
7134,N37145,1
7135,N39309,1
7136,N3753,1
7137,N48168,1
7138,N20895,1
7139,N53048,1
7140,N24762,1
7141,N36403,1
7142,N33983,1
7143,N57405,1
7144,N60422,1
7145,N11762,1
7146,N2853,1
7147,N37071,1
7148,N20414,1
7149,N64651,1
7150,N37201,1
7151,N40295,1
7152,N10719,1
7153,N16782,1
7154,N42493,1
7155,N50854,1
7156,N47691,1
7157,N55434,1
7158,N62252,1
7159,N32466,1
7160,N49394,1
7161,N19287,1
7162,N32756,1
7163,N23036,1
7164,N41545,1
7165,N20759,1
7166,N5007,1
7167,N45010,1
7168,N13234,1
7169,N47982,1
7170,N38051,1
7171,N4945,1
7172,N52765,1
7173,N37215,1
7174,N3834,1
7175,N48812,1
7176,N48841,1
7177,N60199,1
7178,N26042,1
7179,N21261,1
7180,N22530,1
7181,N60580,1
7182,N38516,1
7183,N3428,1
7184,N47477,1
7185,N6451,1
7186,N11968,1
7187,N50939,1
7188,N36597,1
7189,N32233,1
7190,N45148,1
7191,N17160,1
7192,N61954,1
7193,N15626,1
7194,N35397,1
7195,N34315,1
7196,N7524,1
7197,N31299,1
7198,N9657,1
7199,N18856,1
7200,N40611,1
7201,N13680,1
7202,N54705,1
7203,N29494,1
7204,N64516,1
7205,N41068,1
7206,N54114,1
7207,N55837,1
7208,N3250,1
7209,N45046,1
7210,N11924,1
7211,N32227,1
7212,N58293,1
7213,N15471,1
7214,N19353,1
7215,N62770,1
7216,N4813,1
7217,N18233,1
7218,N38264,1
7219,N46918,1
7220,N48619,1
7221,N18140,1
7222,N21900,1
7223,N62405,1
7224,N64497,1
7225,N60298,1
7226,N59836,1
7227,N11286,1
7228,N12938,1
7229,N4265,1
7230,N31208,1
7231,N44991,1
7232,N10372,1
7233,N64859,1
7234,N30383,1
7235,N30396,1
7236,N26282,1
7237,N57011,1
7238,N55213,1
7239,N45566,1
7240,N62824,1
7241,N12855,1
7242,N5555,1
7243,N46109,1
7244,N54714,1
7245,N6567,1
7246,N42741,1
7247,N4219,1
7248,N26800,1
7249,N2444,1
7250,N59480,1
7251,N8835,1
7252,N31852,1
7253,N52343,1
7254,N17008,1
7255,N34865,1
7256,N47387,1
7257,N14725,1
7258,N35618,1
7259,N8280,1
7260,N17213,1
7261,N35974,1
7262,N50960,1
7263,N1155,1
7264,N55442,1
7265,N57817,1
7266,N16504,1
7267,N3093,1
7268,N19068,1
7269,N34908,1
7270,N26670,1
7271,N36796,1
7272,N29282,1
7273,N5854,1
7274,N15301,1
7275,N25145,1
7276,N37238,1
7277,N21670,1
7278,N6858,1
7279,N53188,1
7280,N26624,1
7281,N61668,1
7282,N12880,1
7283,N40497,1
7284,N39605,1
7285,N43782,1
7286,N25240,1
7287,N57340,1
7288,N36005,1
7289,N43556,1
7290,N24200,1
7291,N64378,1
7292,N44758,1
7293,N36639,1
7294,N31257,1
7295,N46079,1
7296,N56099,1
7297,N16283,1
7298,N54720,1
7299,N22632,1
7300,N44683,1
7301,N30804,1
7302,N49973,1
7303,N47762,1
7304,N39238,1
7305,N32511,1
7306,N5838,1
7307,N52277,1
7308,N46639,1
7309,N34839,1
7310,N10213,1
7311,N12078,1
7312,N14830,1
7313,N5825,1
7314,N28310,1
7315,N35713,1
7316,N16716,1
7317,N9739,1
7318,N59144,1
7319,N44234,1
7320,N36797,1
7321,N34056,1
7322,N3951,1
7323,N42776,1
7324,N39000,1
7325,N11204,1
7326,N35663,1
7327,N32799,1
7328,N28865,1
7329,N31613,1
7330,N45254,1
7331,N11285,1
7332,N47154,1
7333,N22747,1
7334,N57532,1
7335,N56544,1
7336,N57919,1
7337,N49117,1
7338,N25224,1
7339,N52040,1
7340,N47872,1
7341,N26600,1
7342,N61872,1
7343,N35045,1
7344,N52988,1
7345,N24381,1
7346,N11050,1
7347,N17262,1
7348,N22020,1
7349,N9796,1
7350,N50284,1
7351,N58981,1
7352,N19484,1
7353,N60534,1
7354,N53811,1
7355,N3915,1
7356,N3599,1
7357,N50180,1
7358,N59566,1
7359,N11819,1
7360,N54912,1
7361,N46326,1
7362,N15329,1
7363,N33125,1
7364,N6942,1
7365,N29763,1
7366,N28025,1
7367,N1234,1
7368,N58531,1
7369,N34575,1
7370,N51154,1
7371,N20533,1
7372,N8184,1
7373,N64675,1
7374,N13297,1
7375,N58125,1
7376,N41402,1
7377,N37057,1
7378,N63848,1
7379,N39570,1
7380,N2426,1
7381,N58109,1
7382,N16814,1
7383,N19268,1
7384,N57867,1
7385,N16794,1
7386,N12844,1
7387,N16752,1
7388,N51466,1
7389,N17928,1
7390,N63316,1
7391,N55041,1
7392,N13382,1
7393,N27309,1
7394,N57670,1
7395,N18507,1
7396,N12071,1
7397,N17536,1
7398,N53686,1
7399,N47931,1
7400,N12670,1
7401,N60995,1
7402,N43898,1
7403,N52656,1
7404,N34674,1
7405,N60451,1
7406,N8820,1
7407,N17741,1
7408,N32575,1
7409,N15631,1
7410,N51351,1
7411,N11351,1
7412,N9550,1
7413,N31648,1
7414,N45595,1
7415,N41288,1
7416,N64876,1
7417,N59041,1
7418,N41660,1
7419,N1224,1
7420,N23905,1
7421,N63762,1
7422,N20631,1
7423,N52264,1
7424,N53555,1
7425,N60337,1
7426,N5820,1
7427,N58256,1
7428,N43212,1
7429,N49964,1
7430,N50200,1
7431,N2029,1
7432,N55577,1
7433,N33204,1
7434,N55371,1
7435,N45338,1
7436,N59082,1
7437,N51019,1
7438,N47584,1
7439,N14841,1
7440,N41883,1
7441,N40519,1
7442,N7796,1
7443,N5276,1
7444,N50173,1
7445,N18092,1
7446,N30252,1
7447,N22423,1
7448,N12135,1
7449,N36102,1
7450,N13856,1
7451,N34949,1
7452,N46251,1
7453,N963,1
7454,N7293,1
7455,N2927,1
7456,N49785,1
7457,N41810,1
7458,N58087,1
7459,N38369,1
7460,N35160,1
7461,N26211,1
7462,N56764,1
7463,N28441,1
7464,N15020,1
7465,N10316,1
7466,N4396,1
7467,N37620,1
7468,N53826,1
7469,N9403,1
7470,N44032,1
7471,N7788,1
7472,N52947,1
7473,N645,1
7474,N33906,1
7475,N54113,1
7476,N23317,1
7477,N30056,1
7478,N578,1
7479,N44954,1
7480,N52706,1
7481,N13374,1
7482,N15048,1
7483,N46815,1
7484,N52858,1
7485,N37659,1
7486,N528,1
7487,N58153,1
7488,N22607,1
7489,N3447,1
7490,N15633,1
7491,N49465,1
7492,N32967,1
7493,N47279,1
7494,N48839,1
7495,N49724,1
7496,N53043,1
7497,N46225,1
7498,N32723,1
7499,N40824,1
7500,N10578,1
7501,N5453,1
7502,N50440,1
7503,N20654,1
7504,N18319,1
7505,N19871,1
7506,N35956,1
7507,N16002,1
7508,N31799,1
7509,N18028,1
7510,N24837,1
7511,N26118,1
7512,N9222,1
7513,N19003,1
7514,N63151,1
7515,N18001,1
7516,N33406,1
7517,N62766,1
7518,N50247,1
7519,N54983,1
7520,N14919,1
7521,N94,1
7522,N1414,1
7523,N31962,1
7524,N37052,1
7525,N35631,1
7526,N4534,1
7527,N28525,1
7528,N46092,1
7529,N26987,1
7530,N32722,1
7531,N20444,1
7532,N14323,1
7533,N47869,1
7534,N64269,1
7535,N43116,1
7536,N19127,1
7537,N40443,1
7538,N2348,1
7539,N35091,1
7540,N21700,1
7541,N61779,1
7542,N62194,1
7543,N4993,1
7544,N12549,1
7545,N63606,1
7546,N51523,1
7547,N65049,1
7548,N1417,1
7549,N33484,1
7550,N8432,1
7551,N33026,1
7552,N61888,1
7553,N43604,1
7554,N33340,1
7555,N15614,1
7556,N31958,1
7557,N5700,1
7558,N10483,1
7559,N1458,1
7560,N20130,1
7561,N52569,1
7562,N52671,1
7563,N29256,1
7564,N59399,1
7565,N39356,1
7566,N7987,1
7567,N64559,1
7568,N12261,1
7569,N10161,1
7570,N14633,1
7571,N44260,1
7572,N59114,1
7573,N62336,1
7574,N47078,1
7575,N57210,1
7576,N31356,1
7577,N27333,1
7578,N29622,1
7579,N27363,1
7580,N23894,1
7581,N23931,1
7582,N48522,1
7583,N36781,1
7584,N39979,1
7585,N13785,1
7586,N30062,1
7587,N46829,1
7588,N59814,1
7589,N1100,1
7590,N4119,1
7591,N28017,1
7592,N26608,1
7593,N18248,1
7594,N51638,1
7595,N6706,1
7596,N48277,1
7597,N10251,1
7598,N39257,1
7599,N8212,1
7600,N3385,1
7601,N15569,1
7602,N57055,1
7603,N22844,1
7604,N42948,1
7605,N21456,1
7606,N1401,1
7607,N7093,1
7608,N63079,1
7609,N19648,1
7610,N26066,1
7611,N56117,1
7612,N28592,1
7613,N31964,1
7614,N40636,1
7615,N3075,1
7616,N23339,1
7617,N46895,1
7618,N48419,1
7619,N53888,1
7620,N53372,1
7621,N1160,1
7622,N62561,1
7623,N1887,1
7624,N49108,1
7625,N44805,1
7626,N27071,1
7627,N38827,1
7628,N30758,1
7629,N11030,1
7630,N16132,1
7631,N40136,1
7632,N49095,1
7633,N3154,1
7634,N29810,1
7635,N64471,1
7636,N64620,1
7637,N37307,1
7638,N11942,1
7639,N34042,1
7640,N3331,1
7641,N3126,1
7642,N22346,1
7643,N24247,1
7644,N20127,1
7645,N53221,1
7646,N45246,1
7647,N56431,1
7648,N40123,1
7649,N6820,1
7650,N52688,1
7651,N8878,1
7652,N5423,1
7653,N679,1
7654,N54444,1
7655,N57555,1
7656,N20452,1
7657,N31587,1
7658,N31071,1
7659,N5222,1
7660,N9809,1
7661,N18635,1
7662,N34929,1
7663,N56075,1
7664,N30809,1
7665,N14175,1
7666,N63798,1
7667,N57759,1
7668,N19821,1
7669,N16006,1
7670,N37270,1
7671,N1938,1
7672,N28770,1
7673,N1257,1
7674,N57691,1
7675,N38587,1
7676,N29152,1
7677,N64036,1
7678,N35777,1
7679,N47022,1
7680,N33905,1
7681,N50626,1
7682,N16147,1
7683,N20484,1
7684,N16389,1
7685,N44924,1
7686,N29766,1
7687,N28490,1
7688,N15974,1
7689,N26690,1
7690,N49766,1
7691,N36233,1
7692,N10857,1
7693,N59520,1
7694,N37151,1
7695,N13880,1
7696,N50931,1
7697,N58015,1
7698,N3445,1
7699,N17839,1
7700,N64223,1
7701,N54112,1
7702,N58329,1
7703,N4260,1
7704,N22868,1
7705,N8658,1
7706,N50176,1
7707,N56934,1
7708,N31912,1
7709,N5948,1
7710,N8816,1
7711,N57283,1
7712,N63356,1
7713,N15716,1
